<?xml version="1.0" encoding="UTF-8" standalone="yes"?>
<WHOBoyBMI_0_to_18_Years_BMI xmlns:xsi="http://www.w3.org/2001/XMLSchema-instance">
	<Year YearName="0">
		<ThirdPercentile>10.2</ThirdPercentile>
		<FifthPercentile>11.1</FifthPercentile>
		<TenthPercentile>12.2</TenthPercentile>
		<TwentyFifthPercentile>13.4</TwentyFifthPercentile>
		<FiftyathPercentile>14.8</FiftyathPercentile>
		<SeventyFifthPercentile>16.3</SeventyFifthPercentile>
		<NinetyFifthPercentile>18.1</NinetyFifthPercentile>
	</Year>
	<Year YearName="0.1">
		<ThirdPercentile>11.3</ThirdPercentile>
		<FifthPercentile>12.4</FifthPercentile>
		<TenthPercentile>13.6</TenthPercentile>
		<TwentyFifthPercentile>14.9</TwentyFifthPercentile>
		<FiftyathPercentile>16.3</FiftyathPercentile>
		<SeventyFifthPercentile>17.8</SeventyFifthPercentile>
		<NinetyFifthPercentile>19.4</NinetyFifthPercentile>
	</Year>
	<Year YearName="0.2">
		<ThirdPercentile>12.5</ThirdPercentile>
		<FifthPercentile>13.7</FifthPercentile>
		<TenthPercentile>15</TenthPercentile>
		<TwentyFifthPercentile>16.3</TwentyFifthPercentile>
		<FiftyathPercentile>17.8</FiftyathPercentile>
		<SeventyFifthPercentile>19.4</SeventyFifthPercentile>
		<NinetyFifthPercentile>21.1</NinetyFifthPercentile>
	</Year>
	<Year YearName="0.3">
		<ThirdPercentile>13.1</ThirdPercentile>
		<FifthPercentile>14.3</FifthPercentile>
		<TenthPercentile>15.5</TenthPercentile>
		<TwentyFifthPercentile>16.9</TwentyFifthPercentile>
		<FiftyathPercentile>18.4</FiftyathPercentile>
		<SeventyFifthPercentile>20</SeventyFifthPercentile>
		<NinetyFifthPercentile>21.8</NinetyFifthPercentile>
	</Year>
	<Year YearName="0.4">
		<ThirdPercentile>13.4</ThirdPercentile>
		<FifthPercentile>14.5</FifthPercentile>
		<TenthPercentile>15.8</TenthPercentile>
		<TwentyFifthPercentile>17.2</TwentyFifthPercentile>
		<FiftyathPercentile>18.7</FiftyathPercentile>
		<SeventyFifthPercentile>20.3</SeventyFifthPercentile>
		<NinetyFifthPercentile>22.1</NinetyFifthPercentile>
	</Year>
	<Year YearName="0.5">
		<ThirdPercentile>13.5</ThirdPercentile>
		<FifthPercentile>14.7</FifthPercentile>
		<TenthPercentile>15.9</TenthPercentile>
		<TwentyFifthPercentile>17.3</TwentyFifthPercentile>
		<FiftyathPercentile>18.8</FiftyathPercentile>
		<SeventyFifthPercentile>20.5</SeventyFifthPercentile>
		<NinetyFifthPercentile>22.3</NinetyFifthPercentile>
	</Year>
	<Year YearName="0.6">
		<ThirdPercentile>13.6</ThirdPercentile>
		<FifthPercentile>14.7</FifthPercentile>
		<TenthPercentile>16</TenthPercentile>
		<TwentyFifthPercentile>17.3</TwentyFifthPercentile>
		<FiftyathPercentile>18.8</FiftyathPercentile>
		<SeventyFifthPercentile>20.5</SeventyFifthPercentile>
		<NinetyFifthPercentile>22.3</NinetyFifthPercentile>
	</Year>
	<Year YearName="0.7">
		<ThirdPercentile>13.7</ThirdPercentile>
		<FifthPercentile>14.8</FifthPercentile>
		<TenthPercentile>16</TenthPercentile>
		<TwentyFifthPercentile>17.3</TwentyFifthPercentile>
		<FiftyathPercentile>18.8</FiftyathPercentile>
		<SeventyFifthPercentile>20.5</SeventyFifthPercentile>
		<NinetyFifthPercentile>22.3</NinetyFifthPercentile>
	</Year>
	<Year YearName="0.8">
		<ThirdPercentile>13.6</ThirdPercentile>
		<FifthPercentile>14.7</FifthPercentile>
		<TenthPercentile>15.9</TenthPercentile>
		<TwentyFifthPercentile>17.3</TwentyFifthPercentile>
		<FiftyathPercentile>18.7</FiftyathPercentile>
		<SeventyFifthPercentile>20.4</SeventyFifthPercentile>
		<NinetyFifthPercentile>22.2</NinetyFifthPercentile>
	</Year>
	<Year YearName="0.9">
		<ThirdPercentile>13.6</ThirdPercentile>
		<FifthPercentile>14.7</FifthPercentile>
		<TenthPercentile>15.8</TenthPercentile>
		<TwentyFifthPercentile>17.2</TwentyFifthPercentile>
		<FiftyathPercentile>18.6</FiftyathPercentile>
		<SeventyFifthPercentile>20.3</SeventyFifthPercentile>
		<NinetyFifthPercentile>22.1</NinetyFifthPercentile>
	</Year>
	<Year YearName="0.1">
		<ThirdPercentile>13.5</ThirdPercentile>
		<FifthPercentile>14.6</FifthPercentile>
		<TenthPercentile>15.7</TenthPercentile>
		<TwentyFifthPercentile>17</TwentyFifthPercentile>
		<FiftyathPercentile>18.5</FiftyathPercentile>
		<SeventyFifthPercentile>20.1</SeventyFifthPercentile>
		<NinetyFifthPercentile>22</NinetyFifthPercentile>
	</Year>
	<Year YearName="0.11">
		<ThirdPercentile>13.4</ThirdPercentile>
		<FifthPercentile>14.5</FifthPercentile>
		<TenthPercentile>15.6</TenthPercentile>
		<TwentyFifthPercentile>16.9</TwentyFifthPercentile>
		<FiftyathPercentile>18.4</FiftyathPercentile>
		<SeventyFifthPercentile>20</SeventyFifthPercentile>
		<NinetyFifthPercentile>21.8</NinetyFifthPercentile>
	</Year>
	<Year YearName="1">
		<ThirdPercentile>13.4</ThirdPercentile>
		<FifthPercentile>14.4</FifthPercentile>
		<TenthPercentile>15.5</TenthPercentile>
		<TwentyFifthPercentile>16.8</TwentyFifthPercentile>
		<FiftyathPercentile>18.2</FiftyathPercentile>
		<SeventyFifthPercentile>19.8</SeventyFifthPercentile>
		<NinetyFifthPercentile>21.6</NinetyFifthPercentile>
	</Year>
	<Year YearName="1.1">
		<ThirdPercentile>13.3</ThirdPercentile>
		<FifthPercentile>14.3</FifthPercentile>
		<TenthPercentile>15.4</TenthPercentile>
		<TwentyFifthPercentile>16.7</TwentyFifthPercentile>
		<FiftyathPercentile>18.1</FiftyathPercentile>
		<SeventyFifthPercentile>19.7</SeventyFifthPercentile>
		<NinetyFifthPercentile>21.5</NinetyFifthPercentile>
	</Year>
	<Year YearName="1.2">
		<ThirdPercentile>13.2</ThirdPercentile>
		<FifthPercentile>14.2</FifthPercentile>
		<TenthPercentile>15.3</TenthPercentile>
		<TwentyFifthPercentile>16.6</TwentyFifthPercentile>
		<FiftyathPercentile>18</FiftyathPercentile>
		<SeventyFifthPercentile>19.5</SeventyFifthPercentile>
		<NinetyFifthPercentile>21.3</NinetyFifthPercentile>
	</Year>
	<Year YearName="1.3">
		<ThirdPercentile>13.1</ThirdPercentile>
		<FifthPercentile>14.1</FifthPercentile>
		<TenthPercentile>15.2</TenthPercentile>
		<TwentyFifthPercentile>16.4</TwentyFifthPercentile>
		<FiftyathPercentile>17.8</FiftyathPercentile>
		<SeventyFifthPercentile>19.4</SeventyFifthPercentile>
		<NinetyFifthPercentile>21.2</NinetyFifthPercentile>
	</Year>
	<Year YearName="1.4">
		<ThirdPercentile>13.1</ThirdPercentile>
		<FifthPercentile>14</FifthPercentile>
		<TenthPercentile>15.1</TenthPercentile>
		<TwentyFifthPercentile>16.3</TwentyFifthPercentile>
		<FiftyathPercentile>17.7</FiftyathPercentile>
		<SeventyFifthPercentile>19.3</SeventyFifthPercentile>
		<NinetyFifthPercentile>21</NinetyFifthPercentile>
	</Year>
	<Year YearName="1.50008791208791">
		<ThirdPercentile>13</ThirdPercentile>
		<FifthPercentile>13.9</FifthPercentile>
		<TenthPercentile>15</TenthPercentile>
		<TwentyFifthPercentile>16.2</TwentyFifthPercentile>
		<FiftyathPercentile>17.6</FiftyathPercentile>
		<SeventyFifthPercentile>19.1</SeventyFifthPercentile>
		<NinetyFifthPercentile>20.9</NinetyFifthPercentile>
	</Year>
	<Year YearName="1.6">
		<ThirdPercentile>12.9</ThirdPercentile>
		<FifthPercentile>13.9</FifthPercentile>
		<TenthPercentile>14.9</TenthPercentile>
		<TwentyFifthPercentile>16.1</TwentyFifthPercentile>
		<FiftyathPercentile>17.5</FiftyathPercentile>
		<SeventyFifthPercentile>19</SeventyFifthPercentile>
		<NinetyFifthPercentile>20.8</NinetyFifthPercentile>
	</Year>
	<Year YearName="1.7">
		<ThirdPercentile>12.9</ThirdPercentile>
		<FifthPercentile>13.8</FifthPercentile>
		<TenthPercentile>14.9</TenthPercentile>
		<TwentyFifthPercentile>16.1</TwentyFifthPercentile>
		<FiftyathPercentile>17.4</FiftyathPercentile>
		<SeventyFifthPercentile>18.9</SeventyFifthPercentile>
		<NinetyFifthPercentile>20.7</NinetyFifthPercentile>
	</Year>
	<Year YearName="1.8">
		<ThirdPercentile>12.8</ThirdPercentile>
		<FifthPercentile>13.7</FifthPercentile>
		<TenthPercentile>14.8</TenthPercentile>
		<TwentyFifthPercentile>16</TwentyFifthPercentile>
		<FiftyathPercentile>17.3</FiftyathPercentile>
		<SeventyFifthPercentile>18.8</SeventyFifthPercentile>
		<NinetyFifthPercentile>20.6</NinetyFifthPercentile>
	</Year>
	<Year YearName="1.9">
		<ThirdPercentile>12.8</ThirdPercentile>
		<FifthPercentile>13.7</FifthPercentile>
		<TenthPercentile>14.7</TenthPercentile>
		<TwentyFifthPercentile>15.9</TwentyFifthPercentile>
		<FiftyathPercentile>17.2</FiftyathPercentile>
		<SeventyFifthPercentile>18.7</SeventyFifthPercentile>
		<NinetyFifthPercentile>20.5</NinetyFifthPercentile>
	</Year>
	<Year YearName="1.1">
		<ThirdPercentile>12.7</ThirdPercentile>
		<FifthPercentile>13.6</FifthPercentile>
		<TenthPercentile>14.7</TenthPercentile>
		<TwentyFifthPercentile>15.8</TwentyFifthPercentile>
		<FiftyathPercentile>17.2</FiftyathPercentile>
		<SeventyFifthPercentile>18.7</SeventyFifthPercentile>
		<NinetyFifthPercentile>20.4</NinetyFifthPercentile>
	</Year>
	<Year YearName="1.11">
		<ThirdPercentile>12.7</ThirdPercentile>
		<FifthPercentile>13.6</FifthPercentile>
		<TenthPercentile>14.6</TenthPercentile>
		<TwentyFifthPercentile>15.8</TwentyFifthPercentile>
		<FiftyathPercentile>17.1</FiftyathPercentile>
		<SeventyFifthPercentile>18.6</SeventyFifthPercentile>
		<NinetyFifthPercentile>20.3</NinetyFifthPercentile>
	</Year>
	<Year YearName="2">
		<ThirdPercentile>12.9</ThirdPercentile>
		<FifthPercentile>13.8</FifthPercentile>
		<TenthPercentile>14.8</TenthPercentile>
		<TwentyFifthPercentile>16</TwentyFifthPercentile>
		<FiftyathPercentile>17.3</FiftyathPercentile>
		<SeventyFifthPercentile>18.9</SeventyFifthPercentile>
		<NinetyFifthPercentile>20.6</NinetyFifthPercentile>
	</Year>
	<Year YearName="2.1">
		<ThirdPercentile>12.8</ThirdPercentile>
		<FifthPercentile>13.8</FifthPercentile>
		<TenthPercentile>14.8</TenthPercentile>
		<TwentyFifthPercentile>16</TwentyFifthPercentile>
		<FiftyathPercentile>17.3</FiftyathPercentile>
		<SeventyFifthPercentile>18.8</SeventyFifthPercentile>
		<NinetyFifthPercentile>20.5</NinetyFifthPercentile>
	</Year>
	<Year YearName="2.2">
		<ThirdPercentile>12.8</ThirdPercentile>
		<FifthPercentile>13.7</FifthPercentile>
		<TenthPercentile>14.8</TenthPercentile>
		<TwentyFifthPercentile>15.9</TwentyFifthPercentile>
		<FiftyathPercentile>17.3</FiftyathPercentile>
		<SeventyFifthPercentile>18.8</SeventyFifthPercentile>
		<NinetyFifthPercentile>20.5</NinetyFifthPercentile>
	</Year>
	<Year YearName="2.3">
		<ThirdPercentile>12.7</ThirdPercentile>
		<FifthPercentile>13.7</FifthPercentile>
		<TenthPercentile>14.7</TenthPercentile>
		<TwentyFifthPercentile>15.9</TwentyFifthPercentile>
		<FiftyathPercentile>17.2</FiftyathPercentile>
		<SeventyFifthPercentile>18.7</SeventyFifthPercentile>
		<NinetyFifthPercentile>20.4</NinetyFifthPercentile>
	</Year>
	<Year YearName="2.4">
		<ThirdPercentile>12.7</ThirdPercentile>
		<FifthPercentile>13.6</FifthPercentile>
		<TenthPercentile>14.7</TenthPercentile>
		<TwentyFifthPercentile>15.9</TwentyFifthPercentile>
		<FiftyathPercentile>17.2</FiftyathPercentile>
		<SeventyFifthPercentile>18.7</SeventyFifthPercentile>
		<NinetyFifthPercentile>20.4</NinetyFifthPercentile>
	</Year>
	<Year YearName="2.5">
		<ThirdPercentile>12.7</ThirdPercentile>
		<FifthPercentile>13.6</FifthPercentile>
		<TenthPercentile>14.7</TenthPercentile>
		<TwentyFifthPercentile>15.8</TwentyFifthPercentile>
		<FiftyathPercentile>17.1</FiftyathPercentile>
		<SeventyFifthPercentile>18.6</SeventyFifthPercentile>
		<NinetyFifthPercentile>20.3</NinetyFifthPercentile>
	</Year>
	<Year YearName="2.6">
		<ThirdPercentile>12.6</ThirdPercentile>
		<FifthPercentile>13.6</FifthPercentile>
		<TenthPercentile>14.6</TenthPercentile>
		<TwentyFifthPercentile>15.8</TwentyFifthPercentile>
		<FiftyathPercentile>17.1</FiftyathPercentile>
		<SeventyFifthPercentile>18.6</SeventyFifthPercentile>
		<NinetyFifthPercentile>20.2</NinetyFifthPercentile>
	</Year>
	<Year YearName="2.7">
		<ThirdPercentile>12.6</ThirdPercentile>
		<FifthPercentile>13.5</FifthPercentile>
		<TenthPercentile>14.6</TenthPercentile>
		<TwentyFifthPercentile>15.8</TwentyFifthPercentile>
		<FiftyathPercentile>17.1</FiftyathPercentile>
		<SeventyFifthPercentile>18.5</SeventyFifthPercentile>
		<NinetyFifthPercentile>20.2</NinetyFifthPercentile>
	</Year>
	<Year YearName="2.8">
		<ThirdPercentile>12.5</ThirdPercentile>
		<FifthPercentile>13.5</FifthPercentile>
		<TenthPercentile>14.6</TenthPercentile>
		<TwentyFifthPercentile>15.7</TwentyFifthPercentile>
		<FiftyathPercentile>17</FiftyathPercentile>
		<SeventyFifthPercentile>18.5</SeventyFifthPercentile>
		<NinetyFifthPercentile>20.1</NinetyFifthPercentile>
	</Year>
	<Year YearName="2.9">
		<ThirdPercentile>12.5</ThirdPercentile>
		<FifthPercentile>13.5</FifthPercentile>
		<TenthPercentile>14.5</TenthPercentile>
		<TwentyFifthPercentile>15.7</TwentyFifthPercentile>
		<FiftyathPercentile>17</FiftyathPercentile>
		<SeventyFifthPercentile>18.5</SeventyFifthPercentile>
		<NinetyFifthPercentile>20.1</NinetyFifthPercentile>
	</Year>
	<Year YearName="2.1">
		<ThirdPercentile>12.5</ThirdPercentile>
		<FifthPercentile>13.4</FifthPercentile>
		<TenthPercentile>14.5</TenthPercentile>
		<TwentyFifthPercentile>15.7</TwentyFifthPercentile>
		<FiftyathPercentile>17</FiftyathPercentile>
		<SeventyFifthPercentile>18.4</SeventyFifthPercentile>
		<NinetyFifthPercentile>20</NinetyFifthPercentile>
	</Year>
	<Year YearName="2.11">
		<ThirdPercentile>12.4</ThirdPercentile>
		<FifthPercentile>13.4</FifthPercentile>
		<TenthPercentile>14.5</TenthPercentile>
		<TwentyFifthPercentile>15.6</TwentyFifthPercentile>
		<FiftyathPercentile>16.9</FiftyathPercentile>
		<SeventyFifthPercentile>18.4</SeventyFifthPercentile>
		<NinetyFifthPercentile>20</NinetyFifthPercentile>
	</Year>
	<Year YearName="3">
		<ThirdPercentile>12.4</ThirdPercentile>
		<FifthPercentile>13.4</FifthPercentile>
		<TenthPercentile>14.4</TenthPercentile>
		<TwentyFifthPercentile>15.6</TwentyFifthPercentile>
		<FiftyathPercentile>16.9</FiftyathPercentile>
		<SeventyFifthPercentile>18.4</SeventyFifthPercentile>
		<NinetyFifthPercentile>20</NinetyFifthPercentile>
	</Year>
	<Year YearName="3.1">
		<ThirdPercentile>12.4</ThirdPercentile>
		<FifthPercentile>13.3</FifthPercentile>
		<TenthPercentile>14.4</TenthPercentile>
		<TwentyFifthPercentile>15.6</TwentyFifthPercentile>
		<FiftyathPercentile>16.9</FiftyathPercentile>
		<SeventyFifthPercentile>18.3</SeventyFifthPercentile>
		<NinetyFifthPercentile>19.9</NinetyFifthPercentile>
	</Year>
	<Year YearName="3.2">
		<ThirdPercentile>12.3</ThirdPercentile>
		<FifthPercentile>13.3</FifthPercentile>
		<TenthPercentile>14.4</TenthPercentile>
		<TwentyFifthPercentile>15.5</TwentyFifthPercentile>
		<FiftyathPercentile>16.8</FiftyathPercentile>
		<SeventyFifthPercentile>18.3</SeventyFifthPercentile>
		<NinetyFifthPercentile>19.9</NinetyFifthPercentile>
	</Year>
	<Year YearName="3.3">
		<ThirdPercentile>12.3</ThirdPercentile>
		<FifthPercentile>13.3</FifthPercentile>
		<TenthPercentile>14.3</TenthPercentile>
		<TwentyFifthPercentile>15.5</TwentyFifthPercentile>
		<FiftyathPercentile>16.8</FiftyathPercentile>
		<SeventyFifthPercentile>18.3</SeventyFifthPercentile>
		<NinetyFifthPercentile>19.9</NinetyFifthPercentile>
	</Year>
	<Year YearName="3.4">
		<ThirdPercentile>12.3</ThirdPercentile>
		<FifthPercentile>13.2</FifthPercentile>
		<TenthPercentile>14.3</TenthPercentile>
		<TwentyFifthPercentile>15.5</TwentyFifthPercentile>
		<FiftyathPercentile>16.8</FiftyathPercentile>
		<SeventyFifthPercentile>18.2</SeventyFifthPercentile>
		<NinetyFifthPercentile>19.9</NinetyFifthPercentile>
	</Year>
	<Year YearName="3.5">
		<ThirdPercentile>12.2</ThirdPercentile>
		<FifthPercentile>13.2</FifthPercentile>
		<TenthPercentile>14.3</TenthPercentile>
		<TwentyFifthPercentile>15.5</TwentyFifthPercentile>
		<FiftyathPercentile>16.8</FiftyathPercentile>
		<SeventyFifthPercentile>18.2</SeventyFifthPercentile>
		<NinetyFifthPercentile>19.9</NinetyFifthPercentile>
	</Year>
	<Year YearName="3.6">
		<ThirdPercentile>12.2</ThirdPercentile>
		<FifthPercentile>13.2</FifthPercentile>
		<TenthPercentile>14.3</TenthPercentile>
		<TwentyFifthPercentile>15.4</TwentyFifthPercentile>
		<FiftyathPercentile>16.8</FiftyathPercentile>
		<SeventyFifthPercentile>18.2</SeventyFifthPercentile>
		<NinetyFifthPercentile>19.8</NinetyFifthPercentile>
	</Year>
	<Year YearName="3.7">
		<ThirdPercentile>12.2</ThirdPercentile>
		<FifthPercentile>13.2</FifthPercentile>
		<TenthPercentile>14.2</TenthPercentile>
		<TwentyFifthPercentile>15.4</TwentyFifthPercentile>
		<FiftyathPercentile>16.7</FiftyathPercentile>
		<SeventyFifthPercentile>18.2</SeventyFifthPercentile>
		<NinetyFifthPercentile>19.8</NinetyFifthPercentile>
	</Year>
	<Year YearName="3.8">
		<ThirdPercentile>12.2</ThirdPercentile>
		<FifthPercentile>13.1</FifthPercentile>
		<TenthPercentile>14.2</TenthPercentile>
		<TwentyFifthPercentile>15.4</TwentyFifthPercentile>
		<FiftyathPercentile>16.7</FiftyathPercentile>
		<SeventyFifthPercentile>18.2</SeventyFifthPercentile>
		<NinetyFifthPercentile>19.8</NinetyFifthPercentile>
	</Year>
	<Year YearName="3.9">
		<ThirdPercentile>12.2</ThirdPercentile>
		<FifthPercentile>13.1</FifthPercentile>
		<TenthPercentile>14.2</TenthPercentile>
		<TwentyFifthPercentile>15.4</TwentyFifthPercentile>
		<FiftyathPercentile>16.7</FiftyathPercentile>
		<SeventyFifthPercentile>18.2</SeventyFifthPercentile>
		<NinetyFifthPercentile>19.8</NinetyFifthPercentile>
	</Year>
	<Year YearName="3.1">
		<ThirdPercentile>12.1</ThirdPercentile>
		<FifthPercentile>13.1</FifthPercentile>
		<TenthPercentile>14.2</TenthPercentile>
		<TwentyFifthPercentile>15.4</TwentyFifthPercentile>
		<FiftyathPercentile>16.7</FiftyathPercentile>
		<SeventyFifthPercentile>18.2</SeventyFifthPercentile>
		<NinetyFifthPercentile>19.8</NinetyFifthPercentile>
	</Year>
	<Year YearName="3.11">
		<ThirdPercentile>12.1</ThirdPercentile>
		<FifthPercentile>13.1</FifthPercentile>
		<TenthPercentile>14.2</TenthPercentile>
		<TwentyFifthPercentile>15.3</TwentyFifthPercentile>
		<FiftyathPercentile>16.7</FiftyathPercentile>
		<SeventyFifthPercentile>18.2</SeventyFifthPercentile>
		<NinetyFifthPercentile>19.9</NinetyFifthPercentile>
	</Year>
	<Year YearName="4.00030769230771">
		<ThirdPercentile>12.1</ThirdPercentile>
		<FifthPercentile>13.1</FifthPercentile>
		<TenthPercentile>14.1</TenthPercentile>
		<TwentyFifthPercentile>15.3</TwentyFifthPercentile>
		<FiftyathPercentile>16.7</FiftyathPercentile>
		<SeventyFifthPercentile>18.2</SeventyFifthPercentile>
		<NinetyFifthPercentile>19.9</NinetyFifthPercentile>
	</Year>
	<Year YearName="4.1">
		<ThirdPercentile>12.1</ThirdPercentile>
		<FifthPercentile>13</FifthPercentile>
		<TenthPercentile>14.1</TenthPercentile>
		<TwentyFifthPercentile>15.3</TwentyFifthPercentile>
		<FiftyathPercentile>16.7</FiftyathPercentile>
		<SeventyFifthPercentile>18.2</SeventyFifthPercentile>
		<NinetyFifthPercentile>19.9</NinetyFifthPercentile>
	</Year>
	<Year YearName="4.2">
		<ThirdPercentile>12.1</ThirdPercentile>
		<FifthPercentile>13</FifthPercentile>
		<TenthPercentile>14.1</TenthPercentile>
		<TwentyFifthPercentile>15.3</TwentyFifthPercentile>
		<FiftyathPercentile>16.7</FiftyathPercentile>
		<SeventyFifthPercentile>18.2</SeventyFifthPercentile>
		<NinetyFifthPercentile>19.9</NinetyFifthPercentile>
	</Year>
	<Year YearName="4.3">
		<ThirdPercentile>12.1</ThirdPercentile>
		<FifthPercentile>13</FifthPercentile>
		<TenthPercentile>14.1</TenthPercentile>
		<TwentyFifthPercentile>15.3</TwentyFifthPercentile>
		<FiftyathPercentile>16.6</FiftyathPercentile>
		<SeventyFifthPercentile>18.2</SeventyFifthPercentile>
		<NinetyFifthPercentile>19.9</NinetyFifthPercentile>
	</Year>
	<Year YearName="4.4">
		<ThirdPercentile>12</ThirdPercentile>
		<FifthPercentile>13</FifthPercentile>
		<TenthPercentile>14.1</TenthPercentile>
		<TwentyFifthPercentile>15.3</TwentyFifthPercentile>
		<FiftyathPercentile>16.6</FiftyathPercentile>
		<SeventyFifthPercentile>18.2</SeventyFifthPercentile>
		<NinetyFifthPercentile>19.9</NinetyFifthPercentile>
	</Year>
	<Year YearName="4.5">
		<ThirdPercentile>12</ThirdPercentile>
		<FifthPercentile>13</FifthPercentile>
		<TenthPercentile>14.1</TenthPercentile>
		<TwentyFifthPercentile>15.3</TwentyFifthPercentile>
		<FiftyathPercentile>16.6</FiftyathPercentile>
		<SeventyFifthPercentile>18.2</SeventyFifthPercentile>
		<NinetyFifthPercentile>20</NinetyFifthPercentile>
	</Year>
	<Year YearName="4.6">
		<ThirdPercentile>12</ThirdPercentile>
		<FifthPercentile>13</FifthPercentile>
		<TenthPercentile>14</TenthPercentile>
		<TwentyFifthPercentile>15.3</TwentyFifthPercentile>
		<FiftyathPercentile>16.6</FiftyathPercentile>
		<SeventyFifthPercentile>18.2</SeventyFifthPercentile>
		<NinetyFifthPercentile>20</NinetyFifthPercentile>
	</Year>
	<Year YearName="4.7">
		<ThirdPercentile>12</ThirdPercentile>
		<FifthPercentile>13</FifthPercentile>
		<TenthPercentile>14</TenthPercentile>
		<TwentyFifthPercentile>15.2</TwentyFifthPercentile>
		<FiftyathPercentile>16.6</FiftyathPercentile>
		<SeventyFifthPercentile>18.2</SeventyFifthPercentile>
		<NinetyFifthPercentile>20</NinetyFifthPercentile>
	</Year>
	<Year YearName="4.8">
		<ThirdPercentile>12</ThirdPercentile>
		<FifthPercentile>12.9</FifthPercentile>
		<TenthPercentile>14</TenthPercentile>
		<TwentyFifthPercentile>15.2</TwentyFifthPercentile>
		<FiftyathPercentile>16.6</FiftyathPercentile>
		<SeventyFifthPercentile>18.2</SeventyFifthPercentile>
		<NinetyFifthPercentile>20.1</NinetyFifthPercentile>
	</Year>
	<Year YearName="4.9">
		<ThirdPercentile>12</ThirdPercentile>
		<FifthPercentile>12.9</FifthPercentile>
		<TenthPercentile>14</TenthPercentile>
		<TwentyFifthPercentile>15.2</TwentyFifthPercentile>
		<FiftyathPercentile>16.6</FiftyathPercentile>
		<SeventyFifthPercentile>18.2</SeventyFifthPercentile>
		<NinetyFifthPercentile>20.1</NinetyFifthPercentile>
	</Year>
	<Year YearName="4.1">
		<ThirdPercentile>12</ThirdPercentile>
		<FifthPercentile>12.9</FifthPercentile>
		<TenthPercentile>14</TenthPercentile>
		<TwentyFifthPercentile>15.2</TwentyFifthPercentile>
		<FiftyathPercentile>16.6</FiftyathPercentile>
		<SeventyFifthPercentile>18.3</SeventyFifthPercentile>
		<NinetyFifthPercentile>20.2</NinetyFifthPercentile>
	</Year>
	<Year YearName="4.11">
		<ThirdPercentile>12</ThirdPercentile>
		<FifthPercentile>12.9</FifthPercentile>
		<TenthPercentile>14</TenthPercentile>
		<TwentyFifthPercentile>15.2</TwentyFifthPercentile>
		<FiftyathPercentile>16.6</FiftyathPercentile>
		<SeventyFifthPercentile>18.3</SeventyFifthPercentile>
		<NinetyFifthPercentile>20.2</NinetyFifthPercentile>
	</Year>
	<Year YearName="5">
		<ThirdPercentile>12.24912</ThirdPercentile>
		<FifthPercentile>12.8914</FifthPercentile>
		<TenthPercentile>13.63978</TenthPercentile>
		<TwentyFifthPercentile>14.61904</TwentyFifthPercentile>
		<FiftyathPercentile>15.80522</FiftyathPercentile>
		<SeventyFifthPercentile>17.11599</SeventyFifthPercentile>
		<NinetyFifthPercentile>18.7296</NinetyFifthPercentile>
	</Year>
	<Year YearName="5.1">
		<ThirdPercentile>12.25341</ThirdPercentile>
		<FifthPercentile>12.89807</FifthPercentile>
		<TenthPercentile>13.64945</TenthPercentile>
		<TwentyFifthPercentile>14.63302</TwentyFifthPercentile>
		<FiftyathPercentile>15.82498</FiftyathPercentile>
		<SeventyFifthPercentile>17.14288</SeventyFifthPercentile>
		<NinetyFifthPercentile>18.76636</NinetyFifthPercentile>
	</Year>
	<Year YearName="5.2">
		<ThirdPercentile>12.25782</ThirdPercentile>
		<FifthPercentile>12.90495</FifthPercentile>
		<TenthPercentile>13.65944</TenthPercentile>
		<TwentyFifthPercentile>14.64746</TwentyFifthPercentile>
		<FiftyathPercentile>15.84541</FiftyathPercentile>
		<SeventyFifthPercentile>17.1707</SeventyFifthPercentile>
		<NinetyFifthPercentile>18.8044</NinetyFifthPercentile>
	</Year>
	<Year YearName="5.3">
		<ThirdPercentile>12.26237</ThirdPercentile>
		<FifthPercentile>12.91204</FifthPercentile>
		<TenthPercentile>13.66975</TenthPercentile>
		<TwentyFifthPercentile>14.66238</TwentyFifthPercentile>
		<FiftyathPercentile>15.86653</FiftyathPercentile>
		<SeventyFifthPercentile>17.19946</SeventyFifthPercentile>
		<NinetyFifthPercentile>18.84376</NinetyFifthPercentile>
	</Year>
	<Year YearName="5.4">
		<ThirdPercentile>12.26706</ThirdPercentile>
		<FifthPercentile>12.91936</FifthPercentile>
		<TenthPercentile>13.68038</TenthPercentile>
		<TwentyFifthPercentile>14.67777</TwentyFifthPercentile>
		<FiftyathPercentile>15.88833</FiftyathPercentile>
		<SeventyFifthPercentile>17.22919</SeventyFifthPercentile>
		<NinetyFifthPercentile>18.88445</NinetyFifthPercentile>
	</Year>
	<Year YearName="5.5">
		<ThirdPercentile>12.27188</ThirdPercentile>
		<FifthPercentile>12.92689</FifthPercentile>
		<TenthPercentile>13.69134</TenthPercentile>
		<TwentyFifthPercentile>14.69366</TwentyFifthPercentile>
		<FiftyathPercentile>15.91084</FiftyathPercentile>
		<SeventyFifthPercentile>17.25989</SeventyFifthPercentile>
		<NinetyFifthPercentile>18.9265</NinetyFifthPercentile>
	</Year>
	<Year YearName="5.6">
		<ThirdPercentile>12.27683</ThirdPercentile>
		<FifthPercentile>12.93465</FifthPercentile>
		<TenthPercentile>13.70264</TenthPercentile>
		<TwentyFifthPercentile>14.71004</TwentyFifthPercentile>
		<FiftyathPercentile>15.93407</FiftyathPercentile>
		<SeventyFifthPercentile>17.29158</SeventyFifthPercentile>
		<NinetyFifthPercentile>18.96994</NinetyFifthPercentile>
	</Year>
	<Year YearName="5.7">
		<ThirdPercentile>12.28193</ThirdPercentile>
		<FifthPercentile>12.94264</FifthPercentile>
		<TenthPercentile>13.71428</TenthPercentile>
		<TwentyFifthPercentile>14.72692</TwentyFifthPercentile>
		<FiftyathPercentile>15.95803</FiftyathPercentile>
		<SeventyFifthPercentile>17.32429</SeventyFifthPercentile>
		<NinetyFifthPercentile>19.0148</NinetyFifthPercentile>
	</Year>
	<Year YearName="5.8">
		<ThirdPercentile>12.28716</ThirdPercentile>
		<FifthPercentile>12.95085</FifthPercentile>
		<TenthPercentile>13.72627</TenthPercentile>
		<TwentyFifthPercentile>14.74432</TwentyFifthPercentile>
		<FiftyathPercentile>15.98273</FiftyathPercentile>
		<SeventyFifthPercentile>17.35802</SeventyFifthPercentile>
		<NinetyFifthPercentile>19.06109</NinetyFifthPercentile>
	</Year>
	<Year YearName="5.9">
		<ThirdPercentile>12.29253</ThirdPercentile>
		<FifthPercentile>12.9593</FifthPercentile>
		<TenthPercentile>13.7386</TenthPercentile>
		<TwentyFifthPercentile>14.76224</TwentyFifthPercentile>
		<FiftyathPercentile>16.00818</FiftyathPercentile>
		<SeventyFifthPercentile>17.39281</SeventyFifthPercentile>
		<NinetyFifthPercentile>19.10886</NinetyFifthPercentile>
	</Year>
	<Year YearName="5.1">
		<ThirdPercentile>12.29805</ThirdPercentile>
		<FifthPercentile>12.96799</FifthPercentile>
		<TenthPercentile>13.75129</TenthPercentile>
		<TwentyFifthPercentile>14.78069</TwentyFifthPercentile>
		<FiftyathPercentile>16.0344</FiftyathPercentile>
		<SeventyFifthPercentile>17.42866</SeventyFifthPercentile>
		<NinetyFifthPercentile>19.15812</NinetyFifthPercentile>
	</Year>
	<Year YearName="5.11">
		<ThirdPercentile>12.30371</ThirdPercentile>
		<FifthPercentile>12.97691</FifthPercentile>
		<TenthPercentile>13.76433</TenthPercentile>
		<TwentyFifthPercentile>14.79967</TwentyFifthPercentile>
		<FiftyathPercentile>16.0614</FiftyathPercentile>
		<SeventyFifthPercentile>17.4656</SeventyFifthPercentile>
		<NinetyFifthPercentile>19.20891</NinetyFifthPercentile>
	</Year>
	<Year YearName="6">
		<ThirdPercentile>12.30951</ThirdPercentile>
		<FifthPercentile>12.98607</FifthPercentile>
		<TenthPercentile>13.77775</TenthPercentile>
		<TwentyFifthPercentile>14.81919</TwentyFifthPercentile>
		<FiftyathPercentile>16.08919</FiftyathPercentile>
		<SeventyFifthPercentile>17.50364</SeventyFifthPercentile>
		<NinetyFifthPercentile>19.26125</NinetyFifthPercentile>
	</Year>
	<Year YearName="6.1">
		<ThirdPercentile>12.31547</ThirdPercentile>
		<FifthPercentile>12.99548</FifthPercentile>
		<TenthPercentile>13.79153</TenthPercentile>
		<TwentyFifthPercentile>14.83927</TwentyFifthPercentile>
		<FiftyathPercentile>16.11778</FiftyathPercentile>
		<SeventyFifthPercentile>17.5428</SeventyFifthPercentile>
		<NinetyFifthPercentile>19.31516</NinetyFifthPercentile>
	</Year>
	<Year YearName="6.2">
		<ThirdPercentile>12.32157</ThirdPercentile>
		<FifthPercentile>13.00513</FifthPercentile>
		<TenthPercentile>13.80568</TenthPercentile>
		<TwentyFifthPercentile>14.85991</TwentyFifthPercentile>
		<FiftyathPercentile>16.14719</FiftyathPercentile>
		<SeventyFifthPercentile>17.58311</SeventyFifthPercentile>
		<NinetyFifthPercentile>19.37068</NinetyFifthPercentile>
	</Year>
	<Year YearName="6.3">
		<ThirdPercentile>12.32781</ThirdPercentile>
		<FifthPercentile>13.01503</FifthPercentile>
		<TenthPercentile>13.82021</TenthPercentile>
		<TwentyFifthPercentile>14.88111</TwentyFifthPercentile>
		<FiftyathPercentile>16.17742</FiftyathPercentile>
		<SeventyFifthPercentile>17.62456</SeventyFifthPercentile>
		<NinetyFifthPercentile>19.42782</NinetyFifthPercentile>
	</Year>
	<Year YearName="6.4">
		<ThirdPercentile>12.3342</ThirdPercentile>
		<FifthPercentile>13.02518</FifthPercentile>
		<TenthPercentile>13.83512</TenthPercentile>
		<TwentyFifthPercentile>14.90288</TwentyFifthPercentile>
		<FiftyathPercentile>16.20848</FiftyathPercentile>
		<SeventyFifthPercentile>17.66718</SeventyFifthPercentile>
		<NinetyFifthPercentile>19.48661</NinetyFifthPercentile>
	</Year>
	<Year YearName="6.5">
		<ThirdPercentile>12.34074</ThirdPercentile>
		<FifthPercentile>13.03558</FifthPercentile>
		<TenthPercentile>13.85041</TenthPercentile>
		<TwentyFifthPercentile>14.92522</TwentyFifthPercentile>
		<FiftyathPercentile>16.24038</FiftyathPercentile>
		<SeventyFifthPercentile>17.71098</SeventyFifthPercentile>
		<NinetyFifthPercentile>19.54707</NinetyFifthPercentile>
	</Year>
	<Year YearName="6.6">
		<ThirdPercentile>12.34742</ThirdPercentile>
		<FifthPercentile>13.04622</FifthPercentile>
		<TenthPercentile>13.86608</TenthPercentile>
		<TwentyFifthPercentile>14.94814</TwentyFifthPercentile>
		<FiftyathPercentile>16.27313</FiftyathPercentile>
		<SeventyFifthPercentile>17.75598</SeventyFifthPercentile>
		<NinetyFifthPercentile>19.60922</NinetyFifthPercentile>
	</Year>
	<Year YearName="6.7">
		<ThirdPercentile>12.35424</ThirdPercentile>
		<FifthPercentile>13.05712</FifthPercentile>
		<TenthPercentile>13.88214</TenthPercentile>
		<TwentyFifthPercentile>14.97164</TwentyFifthPercentile>
		<FiftyathPercentile>16.30674</FiftyathPercentile>
		<SeventyFifthPercentile>17.80218</SeventyFifthPercentile>
		<NinetyFifthPercentile>19.67307</NinetyFifthPercentile>
	</Year>
	<Year YearName="6.8">
		<ThirdPercentile>12.36121</ThirdPercentile>
		<FifthPercentile>13.06826</FifthPercentile>
		<TenthPercentile>13.89858</TenthPercentile>
		<TwentyFifthPercentile>14.99574</TwentyFifthPercentile>
		<FiftyathPercentile>16.34122</FiftyathPercentile>
		<SeventyFifthPercentile>17.8496</SeventyFifthPercentile>
		<NinetyFifthPercentile>19.73867</NinetyFifthPercentile>
	</Year>
	<Year YearName="6.9">
		<ThirdPercentile>12.36833</ThirdPercentile>
		<FifthPercentile>13.07966</FifthPercentile>
		<TenthPercentile>13.91542</TenthPercentile>
		<TwentyFifthPercentile>15.02043</TwentyFifthPercentile>
		<FiftyathPercentile>16.37657</FiftyathPercentile>
		<SeventyFifthPercentile>17.89826</SeventyFifthPercentile>
		<NinetyFifthPercentile>19.80601</NinetyFifthPercentile>
	</Year>
	<Year YearName="6.1">
		<ThirdPercentile>12.37558</ThirdPercentile>
		<FifthPercentile>13.09131</FifthPercentile>
		<TenthPercentile>13.93264</TenthPercentile>
		<TwentyFifthPercentile>15.04571</TwentyFifthPercentile>
		<FiftyathPercentile>16.4128</FiftyathPercentile>
		<SeventyFifthPercentile>17.94817</SeventyFifthPercentile>
		<NinetyFifthPercentile>19.87513</NinetyFifthPercentile>
	</Year>
	<Year YearName="6.11">
		<ThirdPercentile>12.38299</ThirdPercentile>
		<FifthPercentile>13.10322</FifthPercentile>
		<TenthPercentile>13.95027</TenthPercentile>
		<TwentyFifthPercentile>15.07161</TwentyFifthPercentile>
		<FiftyathPercentile>16.44993</FiftyathPercentile>
		<SeventyFifthPercentile>17.99933</SeventyFifthPercentile>
		<NinetyFifthPercentile>19.94604</NinetyFifthPercentile>
	</Year>
	<Year YearName="7">
		<ThirdPercentile>12.39054</ThirdPercentile>
		<FifthPercentile>13.11539</FifthPercentile>
		<TenthPercentile>13.9683</TenthPercentile>
		<TwentyFifthPercentile>15.09811</TwentyFifthPercentile>
		<FiftyathPercentile>16.48796</FiftyathPercentile>
		<SeventyFifthPercentile>18.05177</SeventyFifthPercentile>
		<NinetyFifthPercentile>20.01875</NinetyFifthPercentile>
	</Year>
	<Year YearName="7.1">
		<ThirdPercentile>12.39824</ThirdPercentile>
		<FifthPercentile>13.12782</FifthPercentile>
		<TenthPercentile>13.98674</TenthPercentile>
		<TwentyFifthPercentile>15.12524</TwentyFifthPercentile>
		<FiftyathPercentile>16.52691</FiftyathPercentile>
		<SeventyFifthPercentile>18.10549</SeventyFifthPercentile>
		<NinetyFifthPercentile>20.09328</NinetyFifthPercentile>
	</Year>
	<Year YearName="7.2">
		<ThirdPercentile>12.40609</ThirdPercentile>
		<FifthPercentile>13.14051</FifthPercentile>
		<TenthPercentile>14.00558</TenthPercentile>
		<TwentyFifthPercentile>15.15298</TwentyFifthPercentile>
		<FiftyathPercentile>16.56676</FiftyathPercentile>
		<SeventyFifthPercentile>18.1605</SeventyFifthPercentile>
		<NinetyFifthPercentile>20.16965</NinetyFifthPercentile>
	</Year>
	<Year YearName="7.3">
		<ThirdPercentile>12.41409</ThirdPercentile>
		<FifthPercentile>13.15346</FifthPercentile>
		<TenthPercentile>14.02484</TenthPercentile>
		<TwentyFifthPercentile>15.18135</TwentyFifthPercentile>
		<FiftyathPercentile>16.60754</FiftyathPercentile>
		<SeventyFifthPercentile>18.21681</SeventyFifthPercentile>
		<NinetyFifthPercentile>20.24786</NinetyFifthPercentile>
	</Year>
	<Year YearName="7.4">
		<ThirdPercentile>12.42225</ThirdPercentile>
		<FifthPercentile>13.16669</FifthPercentile>
		<TenthPercentile>14.0445</TenthPercentile>
		<TwentyFifthPercentile>15.21034</TwentyFifthPercentile>
		<FiftyathPercentile>16.64924</FiftyathPercentile>
		<SeventyFifthPercentile>18.27442</SeventyFifthPercentile>
		<NinetyFifthPercentile>20.32792</NinetyFifthPercentile>
	</Year>
	<Year YearName="7.5">
		<ThirdPercentile>12.43055</ThirdPercentile>
		<FifthPercentile>13.18018</FifthPercentile>
		<TenthPercentile>14.06459</TenthPercentile>
		<TwentyFifthPercentile>15.23997</TwentyFifthPercentile>
		<FiftyathPercentile>16.69187</FiftyathPercentile>
		<SeventyFifthPercentile>18.33334</SeventyFifthPercentile>
		<NinetyFifthPercentile>20.40983</NinetyFifthPercentile>
	</Year>
	<Year YearName="7.6">
		<ThirdPercentile>12.43901</ThirdPercentile>
		<FifthPercentile>13.19394</FifthPercentile>
		<TenthPercentile>14.08509</TenthPercentile>
		<TwentyFifthPercentile>15.27023</TwentyFifthPercentile>
		<FiftyathPercentile>16.73543</FiftyathPercentile>
		<SeventyFifthPercentile>18.39357</SeventyFifthPercentile>
		<NinetyFifthPercentile>20.4936</NinetyFifthPercentile>
	</Year>
	<Year YearName="7.7">
		<ThirdPercentile>12.44763</ThirdPercentile>
		<FifthPercentile>13.20797</FifthPercentile>
		<TenthPercentile>14.10601</TenthPercentile>
		<TwentyFifthPercentile>15.30113</TwentyFifthPercentile>
		<FiftyathPercentile>16.77993</FiftyathPercentile>
		<SeventyFifthPercentile>18.45511</SeventyFifthPercentile>
		<NinetyFifthPercentile>20.57921</NinetyFifthPercentile>
	</Year>
	<Year YearName="7.8">
		<ThirdPercentile>12.45642</ThirdPercentile>
		<FifthPercentile>13.22229</FifthPercentile>
		<TenthPercentile>14.12736</TenthPercentile>
		<TwentyFifthPercentile>15.33267</TwentyFifthPercentile>
		<FiftyathPercentile>16.82536</FiftyathPercentile>
		<SeventyFifthPercentile>18.51796</SeventyFifthPercentile>
		<NinetyFifthPercentile>20.66668</NinetyFifthPercentile>
	</Year>
	<Year YearName="7.9">
		<ThirdPercentile>12.46536</ThirdPercentile>
		<FifthPercentile>13.23688</FifthPercentile>
		<TenthPercentile>14.14914</TenthPercentile>
		<TwentyFifthPercentile>15.36486</TwentyFifthPercentile>
		<FiftyathPercentile>16.87173</FiftyathPercentile>
		<SeventyFifthPercentile>18.58212</SeventyFifthPercentile>
		<NinetyFifthPercentile>20.75597</NinetyFifthPercentile>
	</Year>
	<Year YearName="7.1">
		<ThirdPercentile>12.47448</ThirdPercentile>
		<FifthPercentile>13.25176</FifthPercentile>
		<TenthPercentile>14.17135</TenthPercentile>
		<TwentyFifthPercentile>15.39769</TwentyFifthPercentile>
		<FiftyathPercentile>16.91904</FiftyathPercentile>
		<SeventyFifthPercentile>18.64758</SeventyFifthPercentile>
		<NinetyFifthPercentile>20.8471</NinetyFifthPercentile>
	</Year>
	<Year YearName="7.11">
		<ThirdPercentile>12.48376</ThirdPercentile>
		<FifthPercentile>13.26692</FifthPercentile>
		<TenthPercentile>14.19399</TenthPercentile>
		<TwentyFifthPercentile>15.43116</TwentyFifthPercentile>
		<FiftyathPercentile>16.96728</FiftyathPercentile>
		<SeventyFifthPercentile>18.71434</SeventyFifthPercentile>
		<NinetyFifthPercentile>20.94003</NinetyFifthPercentile>
	</Year>
	<Year YearName="8">
		<ThirdPercentile>12.49323</ThirdPercentile>
		<FifthPercentile>13.28238</FifthPercentile>
		<TenthPercentile>14.21707</TenthPercentile>
		<TwentyFifthPercentile>15.46529</TwentyFifthPercentile>
		<FiftyathPercentile>17.01645</FiftyathPercentile>
		<SeventyFifthPercentile>18.78239</SeventyFifthPercentile>
		<NinetyFifthPercentile>21.03474</NinetyFifthPercentile>
	</Year>
	<Year YearName="8.1">
		<ThirdPercentile>12.50287</ThirdPercentile>
		<FifthPercentile>13.29813</FifthPercentile>
		<TenthPercentile>14.24059</TenthPercentile>
		<TwentyFifthPercentile>15.50006</TwentyFifthPercentile>
		<FiftyathPercentile>17.06656</FiftyathPercentile>
		<SeventyFifthPercentile>18.85171</SeventyFifthPercentile>
		<NinetyFifthPercentile>21.13123</NinetyFifthPercentile>
	</Year>
	<Year YearName="8.2">
		<ThirdPercentile>12.51269</ThirdPercentile>
		<FifthPercentile>13.31417</FifthPercentile>
		<TenthPercentile>14.26455</TenthPercentile>
		<TwentyFifthPercentile>15.53547</TwentyFifthPercentile>
		<FiftyathPercentile>17.11758</FiftyathPercentile>
		<SeventyFifthPercentile>18.92229</SeventyFifthPercentile>
		<NinetyFifthPercentile>21.22944</NinetyFifthPercentile>
	</Year>
	<Year YearName="8.3">
		<ThirdPercentile>12.52268</ThirdPercentile>
		<FifthPercentile>13.3305</FifthPercentile>
		<TenthPercentile>14.28894</TenthPercentile>
		<TwentyFifthPercentile>15.57152</TwentyFifthPercentile>
		<FiftyathPercentile>17.16951</FiftyathPercentile>
		<SeventyFifthPercentile>18.99412</SeventyFifthPercentile>
		<NinetyFifthPercentile>21.32934</NinetyFifthPercentile>
	</Year>
	<Year YearName="8.4">
		<ThirdPercentile>12.53286</ThirdPercentile>
		<FifthPercentile>13.34713</FifthPercentile>
		<TenthPercentile>14.31376</TenthPercentile>
		<TwentyFifthPercentile>15.6082</TwentyFifthPercentile>
		<FiftyathPercentile>17.22234</FiftyathPercentile>
		<SeventyFifthPercentile>19.06716</SeventyFifthPercentile>
		<NinetyFifthPercentile>21.4309</NinetyFifthPercentile>
	</Year>
	<Year YearName="8.5">
		<ThirdPercentile>12.54321</ThirdPercentile>
		<FifthPercentile>13.36404</FifthPercentile>
		<TenthPercentile>14.33901</TenthPercentile>
		<TwentyFifthPercentile>15.64551</TwentyFifthPercentile>
		<FiftyathPercentile>17.27605</FiftyathPercentile>
		<SeventyFifthPercentile>19.14139</SeventyFifthPercentile>
		<NinetyFifthPercentile>21.53406</NinetyFifthPercentile>
	</Year>
	<Year YearName="8.6">
		<ThirdPercentile>12.55375</ThirdPercentile>
		<FifthPercentile>13.38125</FifthPercentile>
		<TenthPercentile>14.36468</TenthPercentile>
		<TwentyFifthPercentile>15.68343</TwentyFifthPercentile>
		<FiftyathPercentile>17.33063</FiftyathPercentile>
		<SeventyFifthPercentile>19.21679</SeventyFifthPercentile>
		<NinetyFifthPercentile>21.63878</NinetyFifthPercentile>
	</Year>
	<Year YearName="8.7">
		<ThirdPercentile>12.56447</ThirdPercentile>
		<FifthPercentile>13.39874</FifthPercentile>
		<TenthPercentile>14.39079</TenthPercentile>
		<TwentyFifthPercentile>15.72197</TwentyFifthPercentile>
		<FiftyathPercentile>17.38607</FiftyathPercentile>
		<SeventyFifthPercentile>19.29334</SeventyFifthPercentile>
		<NinetyFifthPercentile>21.74503</NinetyFifthPercentile>
	</Year>
	<Year YearName="8.8">
		<ThirdPercentile>12.57537</ThirdPercentile>
		<FifthPercentile>13.41653</FifthPercentile>
		<TenthPercentile>14.41732</TenthPercentile>
		<TwentyFifthPercentile>15.76113</TwentyFifthPercentile>
		<FiftyathPercentile>17.44236</FiftyathPercentile>
		<SeventyFifthPercentile>19.37101</SeventyFifthPercentile>
		<NinetyFifthPercentile>21.85274</NinetyFifthPercentile>
	</Year>
	<Year YearName="8.9">
		<ThirdPercentile>12.58647</ThirdPercentile>
		<FifthPercentile>13.43462</FifthPercentile>
		<TenthPercentile>14.44428</TenthPercentile>
		<TwentyFifthPercentile>15.80089</TwentyFifthPercentile>
		<FiftyathPercentile>17.49948</FiftyathPercentile>
		<SeventyFifthPercentile>19.44977</SeventyFifthPercentile>
		<NinetyFifthPercentile>21.96186</NinetyFifthPercentile>
	</Year>
	<Year YearName="8.1">
		<ThirdPercentile>12.59776</ThirdPercentile>
		<FifthPercentile>13.45301</FifthPercentile>
		<TenthPercentile>14.47167</TenthPercentile>
		<TwentyFifthPercentile>15.84125</TwentyFifthPercentile>
		<FiftyathPercentile>17.55743</FiftyathPercentile>
		<SeventyFifthPercentile>19.5296</SeventyFifthPercentile>
		<NinetyFifthPercentile>22.07234</NinetyFifthPercentile>
	</Year>
	<Year YearName="8.11">
		<ThirdPercentile>12.60925</ThirdPercentile>
		<FifthPercentile>13.47171</FifthPercentile>
		<TenthPercentile>14.49949</TenthPercentile>
		<TwentyFifthPercentile>15.88222</TwentyFifthPercentile>
		<FiftyathPercentile>17.61619</FiftyathPercentile>
		<SeventyFifthPercentile>19.61047</SeventyFifthPercentile>
		<NinetyFifthPercentile>22.18413</NinetyFifthPercentile>
	</Year>
	<Year YearName="9">
		<ThirdPercentile>12.62096</ThirdPercentile>
		<FifthPercentile>13.49071</FifthPercentile>
		<TenthPercentile>14.52774</TenthPercentile>
		<TwentyFifthPercentile>15.92379</TwentyFifthPercentile>
		<FiftyathPercentile>17.67576</FiftyathPercentile>
		<SeventyFifthPercentile>19.69237</SeventyFifthPercentile>
		<NinetyFifthPercentile>22.29716</NinetyFifthPercentile>
	</Year>
	<Year YearName="9.1">
		<ThirdPercentile>12.63288</ThirdPercentile>
		<FifthPercentile>13.51004</FifthPercentile>
		<TenthPercentile>14.55644</TenthPercentile>
		<TwentyFifthPercentile>15.96596</TwentyFifthPercentile>
		<FiftyathPercentile>17.73612</FiftyathPercentile>
		<SeventyFifthPercentile>19.77525</SeventyFifthPercentile>
		<NinetyFifthPercentile>22.4114</NinetyFifthPercentile>
	</Year>
	<Year YearName="9.2">
		<ThirdPercentile>12.64503</ThirdPercentile>
		<FifthPercentile>13.5297</FifthPercentile>
		<TenthPercentile>14.58559</TenthPercentile>
		<TwentyFifthPercentile>16.00874</TwentyFifthPercentile>
		<FiftyathPercentile>17.79725</FiftyathPercentile>
		<SeventyFifthPercentile>19.85909</SeventyFifthPercentile>
		<NinetyFifthPercentile>22.52675</NinetyFifthPercentile>
	</Year>
	<Year YearName="9.3">
		<ThirdPercentile>12.65741</ThirdPercentile>
		<FifthPercentile>13.54969</FifthPercentile>
		<TenthPercentile>14.61518</TenthPercentile>
		<TwentyFifthPercentile>16.0521</TwentyFifthPercentile>
		<FiftyathPercentile>17.85915</FiftyathPercentile>
		<SeventyFifthPercentile>19.94385</SeventyFifthPercentile>
		<NinetyFifthPercentile>22.64316</NinetyFifthPercentile>
	</Year>
	<Year YearName="9.4">
		<ThirdPercentile>12.67004</ThirdPercentile>
		<FifthPercentile>13.57001</FifthPercentile>
		<TenthPercentile>14.64521</TenthPercentile>
		<TwentyFifthPercentile>16.09605</TwentyFifthPercentile>
		<FiftyathPercentile>17.92179</FiftyathPercentile>
		<SeventyFifthPercentile>20.02949</SeventyFifthPercentile>
		<NinetyFifthPercentile>22.76054</NinetyFifthPercentile>
	</Year>
	<Year YearName="9.5">
		<ThirdPercentile>12.6829</ThirdPercentile>
		<FifthPercentile>13.59066</FifthPercentile>
		<TenthPercentile>14.67569</TenthPercentile>
		<TwentyFifthPercentile>16.14058</TwentyFifthPercentile>
		<FiftyathPercentile>17.98515</FiftyathPercentile>
		<SeventyFifthPercentile>20.11596</SeventyFifthPercentile>
		<NinetyFifthPercentile>22.8788</NinetyFifthPercentile>
	</Year>
	<Year YearName="9.6">
		<ThirdPercentile>12.69602</ThirdPercentile>
		<FifthPercentile>13.61166</FifthPercentile>
		<TenthPercentile>14.70661</TenthPercentile>
		<TwentyFifthPercentile>16.18568</TwentyFifthPercentile>
		<FiftyathPercentile>18.04921</FiftyathPercentile>
		<SeventyFifthPercentile>20.20322</SeventyFifthPercentile>
		<NinetyFifthPercentile>22.99786</NinetyFifthPercentile>
	</Year>
	<Year YearName="9.7">
		<ThirdPercentile>12.70941</ThirdPercentile>
		<FifthPercentile>13.63301</FifthPercentile>
		<TenthPercentile>14.73798</TenthPercentile>
		<TwentyFifthPercentile>16.23134</TwentyFifthPercentile>
		<FiftyathPercentile>18.11394</FiftyathPercentile>
		<SeventyFifthPercentile>20.29122</SeventyFifthPercentile>
		<NinetyFifthPercentile>23.11762</NinetyFifthPercentile>
	</Year>
	<Year YearName="9.8">
		<ThirdPercentile>12.72305</ThirdPercentile>
		<FifthPercentile>13.65471</FifthPercentile>
		<TenthPercentile>14.76979</TenthPercentile>
		<TwentyFifthPercentile>16.27755</TwentyFifthPercentile>
		<FiftyathPercentile>18.1793</FiftyathPercentile>
		<SeventyFifthPercentile>20.3799</SeventyFifthPercentile>
		<NinetyFifthPercentile>23.23799</NinetyFifthPercentile>
	</Year>
	<Year YearName="9.9">
		<ThirdPercentile>12.73697</ThirdPercentile>
		<FifthPercentile>13.67676</FifthPercentile>
		<TenthPercentile>14.80204</TenthPercentile>
		<TwentyFifthPercentile>16.32429</TwentyFifthPercentile>
		<FiftyathPercentile>18.24529</FiftyathPercentile>
		<SeventyFifthPercentile>20.4692</SeventyFifthPercentile>
		<NinetyFifthPercentile>23.35884</NinetyFifthPercentile>
	</Year>
	<Year YearName="9.1">
		<ThirdPercentile>12.75117</ThirdPercentile>
		<FifthPercentile>13.69916</FifthPercentile>
		<TenthPercentile>14.83473</TenthPercentile>
		<TwentyFifthPercentile>16.37156</TwentyFifthPercentile>
		<FiftyathPercentile>18.31185</FiftyathPercentile>
		<SeventyFifthPercentile>20.55908</SeventyFifthPercentile>
		<NinetyFifthPercentile>23.48008</NinetyFifthPercentile>
	</Year>
	<Year YearName="9.11">
		<ThirdPercentile>12.76565</ThirdPercentile>
		<FifthPercentile>13.72193</FifthPercentile>
		<TenthPercentile>14.86785</TenthPercentile>
		<TwentyFifthPercentile>16.41934</TwentyFifthPercentile>
		<FiftyathPercentile>18.37897</FiftyathPercentile>
		<SeventyFifthPercentile>20.64946</SeventyFifthPercentile>
		<NinetyFifthPercentile>23.6016</NinetyFifthPercentile>
	</Year>
	<Year YearName="10">
		<ThirdPercentile>12.78044</ThirdPercentile>
		<FifthPercentile>13.74507</FifthPercentile>
		<TenthPercentile>14.90142</TenthPercentile>
		<TwentyFifthPercentile>16.46763</TwentyFifthPercentile>
		<FiftyathPercentile>18.44663</FiftyathPercentile>
		<SeventyFifthPercentile>20.7403</SeventyFifthPercentile>
		<NinetyFifthPercentile>23.7233</NinetyFifthPercentile>
	</Year>
	<Year YearName="10.1">
		<ThirdPercentile>12.79555</ThirdPercentile>
		<FifthPercentile>13.7686</FifthPercentile>
		<TenthPercentile>14.93543</TenthPercentile>
		<TwentyFifthPercentile>16.51641</TwentyFifthPercentile>
		<FiftyathPercentile>18.51478</FiftyathPercentile>
		<SeventyFifthPercentile>20.83154</SeventyFifthPercentile>
		<NinetyFifthPercentile>23.84506</NinetyFifthPercentile>
	</Year>
	<Year YearName="10.2">
		<ThirdPercentile>12.81096</ThirdPercentile>
		<FifthPercentile>13.79248</FifthPercentile>
		<TenthPercentile>14.96986</TenthPercentile>
		<TwentyFifthPercentile>16.56566</TwentyFifthPercentile>
		<FiftyathPercentile>18.58337</FiftyathPercentile>
		<SeventyFifthPercentile>20.92309</SeventyFifthPercentile>
		<NinetyFifthPercentile>23.96675</NinetyFifthPercentile>
	</Year>
	<Year YearName="10.3">
		<ThirdPercentile>12.82667</ThirdPercentile>
		<FifthPercentile>13.81672</FifthPercentile>
		<TenthPercentile>15.0047</TenthPercentile>
		<TwentyFifthPercentile>16.61534</TwentyFifthPercentile>
		<FiftyathPercentile>18.65236</FiftyathPercentile>
		<SeventyFifthPercentile>21.01488</SeventyFifthPercentile>
		<NinetyFifthPercentile>24.08824</NinetyFifthPercentile>
	</Year>
	<Year YearName="10.4">
		<ThirdPercentile>12.84267</ThirdPercentile>
		<FifthPercentile>13.8413</FifthPercentile>
		<TenthPercentile>15.03992</TenthPercentile>
		<TwentyFifthPercentile>16.66541</TwentyFifthPercentile>
		<FiftyathPercentile>18.72169</FiftyathPercentile>
		<SeventyFifthPercentile>21.1068</SeventyFifthPercentile>
		<NinetyFifthPercentile>24.20939</NinetyFifthPercentile>
	</Year>
	<Year YearName="10.5">
		<ThirdPercentile>12.85895</ThirdPercentile>
		<FifthPercentile>13.86621</FifthPercentile>
		<TenthPercentile>15.07549</TenthPercentile>
		<TwentyFifthPercentile>16.71584</TwentyFifthPercentile>
		<FiftyathPercentile>18.79129</FiftyathPercentile>
		<SeventyFifthPercentile>21.19878</SeventyFifthPercentile>
		<NinetyFifthPercentile>24.33006</NinetyFifthPercentile>
	</Year>
	<Year YearName="10.6">
		<ThirdPercentile>12.87551</ThirdPercentile>
		<FifthPercentile>13.89143</FifthPercentile>
		<TenthPercentile>15.1114</TenthPercentile>
		<TwentyFifthPercentile>16.7666</TwentyFifthPercentile>
		<FiftyathPercentile>18.86112</FiftyathPercentile>
		<SeventyFifthPercentile>21.29073</SeventyFifthPercentile>
		<NinetyFifthPercentile>24.45012</NinetyFifthPercentile>
	</Year>
	<Year YearName="10.7">
		<ThirdPercentile>12.89234</ThirdPercentile>
		<FifthPercentile>13.91696</FifthPercentile>
		<TenthPercentile>15.14763</TenthPercentile>
		<TwentyFifthPercentile>16.81766</TwentyFifthPercentile>
		<FiftyathPercentile>18.93113</FiftyathPercentile>
		<SeventyFifthPercentile>21.38256</SeventyFifthPercentile>
		<NinetyFifthPercentile>24.56945</NinetyFifthPercentile>
	</Year>
	<Year YearName="10.8">
		<ThirdPercentile>12.90945</ThirdPercentile>
		<FifthPercentile>13.94279</FifthPercentile>
		<TenthPercentile>15.18418</TenthPercentile>
		<TwentyFifthPercentile>16.86899</TwentyFifthPercentile>
		<FiftyathPercentile>19.00127</FiftyathPercentile>
		<SeventyFifthPercentile>21.47422</SeventyFifthPercentile>
		<NinetyFifthPercentile>24.68794</NinetyFifthPercentile>
	</Year>
	<Year YearName="10.9">
		<ThirdPercentile>12.92686</ThirdPercentile>
		<FifthPercentile>13.96894</FifthPercentile>
		<TenthPercentile>15.22104</TenthPercentile>
		<TwentyFifthPercentile>16.92058</TwentyFifthPercentile>
		<FiftyathPercentile>19.0715</FiftyathPercentile>
		<SeventyFifthPercentile>21.56563</SeventyFifthPercentile>
		<NinetyFifthPercentile>24.80546</NinetyFifthPercentile>
	</Year>
	<Year YearName="10.1">
		<ThirdPercentile>12.94455</ThirdPercentile>
		<FifthPercentile>13.99539</FifthPercentile>
		<TenthPercentile>15.2582</TenthPercentile>
		<TwentyFifthPercentile>16.9724</TwentyFifthPercentile>
		<FiftyathPercentile>19.14178</FiftyathPercentile>
		<SeventyFifthPercentile>21.65672</SeventyFifthPercentile>
		<NinetyFifthPercentile>24.92192</NinetyFifthPercentile>
	</Year>
	<Year YearName="10.11">
		<ThirdPercentile>12.96254</ThirdPercentile>
		<FifthPercentile>14.02215</FifthPercentile>
		<TenthPercentile>15.29564</TenthPercentile>
		<TwentyFifthPercentile>17.02443</TwentyFifthPercentile>
		<FiftyathPercentile>19.21206</FiftyathPercentile>
		<SeventyFifthPercentile>21.74741</SeventyFifthPercentile>
		<NinetyFifthPercentile>25.03719</NinetyFifthPercentile>
	</Year>
	<Year YearName="11">
		<ThirdPercentile>12.98083</ThirdPercentile>
		<FifthPercentile>14.04921</FifthPercentile>
		<TenthPercentile>15.33336</TenthPercentile>
		<TwentyFifthPercentile>17.07663</TwentyFifthPercentile>
		<FiftyathPercentile>19.28229</FiftyathPercentile>
		<SeventyFifthPercentile>21.83764</SeventyFifthPercentile>
		<NinetyFifthPercentile>25.15119</NinetyFifthPercentile>
	</Year>
	<Year YearName="11.1">
		<ThirdPercentile>12.99942</ThirdPercentile>
		<FifthPercentile>14.07656</FifthPercentile>
		<TenthPercentile>15.37133</TenthPercentile>
		<TwentyFifthPercentile>17.12898</TwentyFifthPercentile>
		<FiftyathPercentile>19.35243</FiftyathPercentile>
		<SeventyFifthPercentile>21.92734</SeventyFifthPercentile>
		<NinetyFifthPercentile>25.26381</NinetyFifthPercentile>
	</Year>
	<Year YearName="11.2">
		<ThirdPercentile>13.01828</ThirdPercentile>
		<FifthPercentile>14.10415</FifthPercentile>
		<TenthPercentile>15.4095</TenthPercentile>
		<TwentyFifthPercentile>17.18141</TwentyFifthPercentile>
		<FiftyathPercentile>19.42238</FiftyathPercentile>
		<SeventyFifthPercentile>22.01637</SeventyFifthPercentile>
		<NinetyFifthPercentile>25.3749</NinetyFifthPercentile>
	</Year>
	<Year YearName="11.3">
		<ThirdPercentile>13.03734</ThirdPercentile>
		<FifthPercentile>14.13195</FifthPercentile>
		<TenthPercentile>15.44781</TenthPercentile>
		<TwentyFifthPercentile>17.23383</TwentyFifthPercentile>
		<FiftyathPercentile>19.49203</FiftyathPercentile>
		<SeventyFifthPercentile>22.10462</SeventyFifthPercentile>
		<NinetyFifthPercentile>25.48429</NinetyFifthPercentile>
	</Year>
	<Year YearName="11.4">
		<ThirdPercentile>13.0566</ThirdPercentile>
		<FifthPercentile>14.15988</FifthPercentile>
		<TenthPercentile>15.48619</TenthPercentile>
		<TwentyFifthPercentile>17.28616</TwentyFifthPercentile>
		<FiftyathPercentile>19.56128</FiftyathPercentile>
		<SeventyFifthPercentile>22.19193</SeventyFifthPercentile>
		<NinetyFifthPercentile>25.59181</NinetyFifthPercentile>
	</Year>
	<Year YearName="11.5">
		<ThirdPercentile>13.076</ThirdPercentile>
		<FifthPercentile>14.18793</FifthPercentile>
		<TenthPercentile>15.52458</TenthPercentile>
		<TwentyFifthPercentile>17.33833</TwentyFifthPercentile>
		<FiftyathPercentile>19.63003</FiftyathPercentile>
		<SeventyFifthPercentile>22.2782</SeventyFifthPercentile>
		<NinetyFifthPercentile>25.69733</NinetyFifthPercentile>
	</Year>
	<Year YearName="11.6">
		<ThirdPercentile>13.09553</ThirdPercentile>
		<FifthPercentile>14.21605</FifthPercentile>
		<TenthPercentile>15.56296</TenthPercentile>
		<TwentyFifthPercentile>17.39028</TwentyFifthPercentile>
		<FiftyathPercentile>19.69821</FiftyathPercentile>
		<SeventyFifthPercentile>22.36333</SeventyFifthPercentile>
		<NinetyFifthPercentile>25.80072</NinetyFifthPercentile>
	</Year>
	<Year YearName="11.7">
		<ThirdPercentile>13.11519</ThirdPercentile>
		<FifthPercentile>14.24423</FifthPercentile>
		<TenthPercentile>15.60128</TenthPercentile>
		<TwentyFifthPercentile>17.44196</TwentyFifthPercentile>
		<FiftyathPercentile>19.76573</FiftyathPercentile>
		<SeventyFifthPercentile>22.44721</SeventyFifthPercentile>
		<NinetyFifthPercentile>25.90187</NinetyFifthPercentile>
	</Year>
	<Year YearName="11.8">
		<ThirdPercentile>13.13495</ThirdPercentile>
		<FifthPercentile>14.27244</FifthPercentile>
		<TenthPercentile>15.63951</TenthPercentile>
		<TwentyFifthPercentile>17.49332</TwentyFifthPercentile>
		<FiftyathPercentile>19.83254</FiftyathPercentile>
		<SeventyFifthPercentile>22.52977</SeventyFifthPercentile>
		<NinetyFifthPercentile>26.00067</NinetyFifthPercentile>
	</Year>
	<Year YearName="11.9">
		<ThirdPercentile>13.15482</ThirdPercentile>
		<FifthPercentile>14.30067</FifthPercentile>
		<TenthPercentile>15.67762</TenthPercentile>
		<TwentyFifthPercentile>17.54432</TwentyFifthPercentile>
		<FiftyathPercentile>19.89857</FiftyathPercentile>
		<SeventyFifthPercentile>22.61093</SeventyFifthPercentile>
		<NinetyFifthPercentile>26.09705</NinetyFifthPercentile>
	</Year>
	<Year YearName="11.1">
		<ThirdPercentile>13.1748</ThirdPercentile>
		<FifthPercentile>14.32892</FifthPercentile>
		<TenthPercentile>15.71561</TenthPercentile>
		<TwentyFifthPercentile>17.59494</TwentyFifthPercentile>
		<FiftyathPercentile>19.96379</FiftyathPercentile>
		<SeventyFifthPercentile>22.69062</SeventyFifthPercentile>
		<NinetyFifthPercentile>26.19093</NinetyFifthPercentile>
	</Year>
	<Year YearName="11.11">
		<ThirdPercentile>13.19491</ThirdPercentile>
		<FifthPercentile>14.35721</FifthPercentile>
		<TenthPercentile>15.75348</TenthPercentile>
		<TwentyFifthPercentile>17.64517</TwentyFifthPercentile>
		<FiftyathPercentile>20.02818</FiftyathPercentile>
		<SeventyFifthPercentile>22.76884</SeventyFifthPercentile>
		<NinetyFifthPercentile>26.2823</NinetyFifthPercentile>
	</Year>
	<Year YearName="12">
		<ThirdPercentile>13.21521</ThirdPercentile>
		<FifthPercentile>14.38557</FifthPercentile>
		<TenthPercentile>15.79127</TenthPercentile>
		<TwentyFifthPercentile>17.69504</TwentyFifthPercentile>
		<FiftyathPercentile>20.09175</FiftyathPercentile>
		<SeventyFifthPercentile>22.84559</SeventyFifthPercentile>
		<NinetyFifthPercentile>26.37116</NinetyFifthPercentile>
	</Year>
	<Year YearName="12.1">
		<ThirdPercentile>13.23572</ThirdPercentile>
		<FifthPercentile>14.41405</FifthPercentile>
		<TenthPercentile>15.82901</TenthPercentile>
		<TwentyFifthPercentile>17.74456</TwentyFifthPercentile>
		<FiftyathPercentile>20.15451</FiftyathPercentile>
		<SeventyFifthPercentile>22.92087</SeventyFifthPercentile>
		<NinetyFifthPercentile>26.45754</NinetyFifthPercentile>
	</Year>
	<Year YearName="12.2">
		<ThirdPercentile>13.25644</ThirdPercentile>
		<FifthPercentile>14.4426</FifthPercentile>
		<TenthPercentile>15.86664</TenthPercentile>
		<TwentyFifthPercentile>17.79368</TwentyFifthPercentile>
		<FiftyathPercentile>20.2164</FiftyathPercentile>
		<SeventyFifthPercentile>22.9946</SeventyFifthPercentile>
		<NinetyFifthPercentile>26.54134</NinetyFifthPercentile>
	</Year>
	<Year YearName="12.3">
		<ThirdPercentile>13.27733</ThirdPercentile>
		<FifthPercentile>14.4712</FifthPercentile>
		<TenthPercentile>15.90413</TenthPercentile>
		<TwentyFifthPercentile>17.84234</TwentyFifthPercentile>
		<FiftyathPercentile>20.27734</FiftyathPercentile>
		<SeventyFifthPercentile>23.0667</SeventyFifthPercentile>
		<NinetyFifthPercentile>26.62249</NinetyFifthPercentile>
	</Year>
	<Year YearName="12.4">
		<ThirdPercentile>13.29837</ThirdPercentile>
		<FifthPercentile>14.49981</FifthPercentile>
		<TenthPercentile>15.94143</TenthPercentile>
		<TwentyFifthPercentile>17.89048</TwentyFifthPercentile>
		<FiftyathPercentile>20.33724</FiftyathPercentile>
		<SeventyFifthPercentile>23.13708</SeventyFifthPercentile>
		<NinetyFifthPercentile>26.7009</NinetyFifthPercentile>
	</Year>
	<Year YearName="12.5">
		<ThirdPercentile>13.31954</ThirdPercentile>
		<FifthPercentile>14.5284</FifthPercentile>
		<TenthPercentile>15.9785</TenthPercentile>
		<TwentyFifthPercentile>17.93805</TwentyFifthPercentile>
		<FiftyathPercentile>20.39606</FiftyathPercentile>
		<SeventyFifthPercentile>23.20568</SeventyFifthPercentile>
		<NinetyFifthPercentile>26.77652</NinetyFifthPercentile>
	</Year>
	<Year YearName="12.6">
		<ThirdPercentile>13.34084</ThirdPercentile>
		<FifthPercentile>14.55696</FifthPercentile>
		<TenthPercentile>16.01532</TenthPercentile>
		<TwentyFifthPercentile>17.98501</TwentyFifthPercentile>
		<FiftyathPercentile>20.45374</FiftyathPercentile>
		<SeventyFifthPercentile>23.27243</SeventyFifthPercentile>
		<NinetyFifthPercentile>26.84929</NinetyFifthPercentile>
	</Year>
	<Year YearName="12.7">
		<ThirdPercentile>13.36228</ThirdPercentile>
		<FifthPercentile>14.5855</FifthPercentile>
		<TenthPercentile>16.05188</TenthPercentile>
		<TwentyFifthPercentile>18.03135</TwentyFifthPercentile>
		<FiftyathPercentile>20.51026</FiftyathPercentile>
		<SeventyFifthPercentile>23.33733</SeventyFifthPercentile>
		<NinetyFifthPercentile>26.91921</NinetyFifthPercentile>
	</Year>
	<Year YearName="12.8">
		<ThirdPercentile>13.38389</ThirdPercentile>
		<FifthPercentile>14.61404</FifthPercentile>
		<TenthPercentile>16.0882</TenthPercentile>
		<TwentyFifthPercentile>18.07707</TwentyFifthPercentile>
		<FiftyathPercentile>20.56563</FiftyathPercentile>
		<SeventyFifthPercentile>23.40037</SeventyFifthPercentile>
		<NinetyFifthPercentile>26.98631</NinetyFifthPercentile>
	</Year>
	<Year YearName="12.9">
		<ThirdPercentile>13.40572</ThirdPercentile>
		<FifthPercentile>14.64262</FifthPercentile>
		<TenthPercentile>16.12432</TenthPercentile>
		<TwentyFifthPercentile>18.12222</TwentyFifthPercentile>
		<FiftyathPercentile>20.61988</FiftyathPercentile>
		<SeventyFifthPercentile>23.46161</SeventyFifthPercentile>
		<NinetyFifthPercentile>27.05066</NinetyFifthPercentile>
	</Year>
	<Year YearName="12.1">
		<ThirdPercentile>13.42783</ThirdPercentile>
		<FifthPercentile>14.6713</FifthPercentile>
		<TenthPercentile>16.1603</TenthPercentile>
		<TwentyFifthPercentile>18.16684</TwentyFifthPercentile>
		<FiftyathPercentile>20.67307</FiftyathPercentile>
		<SeventyFifthPercentile>23.52112</SeventyFifthPercentile>
		<NinetyFifthPercentile>27.11239</NinetyFifthPercentile>
	</Year>
	<Year YearName="12.11">
		<ThirdPercentile>13.45031</ThirdPercentile>
		<FifthPercentile>14.70016</FifthPercentile>
		<TenthPercentile>16.19621</TenthPercentile>
		<TwentyFifthPercentile>18.21103</TwentyFifthPercentile>
		<FiftyathPercentile>20.7253</FiftyathPercentile>
		<SeventyFifthPercentile>23.57901</SeventyFifthPercentile>
		<NinetyFifthPercentile>27.17165</NinetyFifthPercentile>
	</Year>
	<Year YearName="13">
		<ThirdPercentile>13.47323</ThirdPercentile>
		<FifthPercentile>14.72929</FifthPercentile>
		<TenthPercentile>16.23214</TenthPercentile>
		<TwentyFifthPercentile>18.25487</TwentyFifthPercentile>
		<FiftyathPercentile>20.77667</FiftyathPercentile>
		<SeventyFifthPercentile>23.63542</SeventyFifthPercentile>
		<NinetyFifthPercentile>27.2286</NinetyFifthPercentile>
	</Year>
	<Year YearName="13.1">
		<ThirdPercentile>13.49668</ThirdPercentile>
		<FifthPercentile>14.75876</FifthPercentile>
		<TenthPercentile>16.26818</TenthPercentile>
		<TwentyFifthPercentile>18.29844</TwentyFifthPercentile>
		<FiftyathPercentile>20.82728</FiftyathPercentile>
		<SeventyFifthPercentile>23.69046</SeventyFifthPercentile>
		<NinetyFifthPercentile>27.28342</NinetyFifthPercentile>
	</Year>
	<Year YearName="13.2">
		<ThirdPercentile>13.52063</ThirdPercentile>
		<FifthPercentile>14.78855</FifthPercentile>
		<TenthPercentile>16.30428</TenthPercentile>
		<TwentyFifthPercentile>18.34171</TwentyFifthPercentile>
		<FiftyathPercentile>20.87708</FiftyathPercentile>
		<SeventyFifthPercentile>23.7441</SeventyFifthPercentile>
		<NinetyFifthPercentile>27.33611</NinetyFifthPercentile>
	</Year>
	<Year YearName="13.3">
		<ThirdPercentile>13.54505</ThirdPercentile>
		<FifthPercentile>14.81861</FifthPercentile>
		<TenthPercentile>16.3404</TenthPercentile>
		<TwentyFifthPercentile>18.38463</TwentyFifthPercentile>
		<FiftyathPercentile>20.92603</FiftyathPercentile>
		<SeventyFifthPercentile>23.7963</SeventyFifthPercentile>
		<NinetyFifthPercentile>27.38663</NinetyFifthPercentile>
	</Year>
	<Year YearName="13.4">
		<ThirdPercentile>13.56995</ThirdPercentile>
		<FifthPercentile>14.84895</FifthPercentile>
		<TenthPercentile>16.37654</TenthPercentile>
		<TwentyFifthPercentile>18.42719</TwentyFifthPercentile>
		<FiftyathPercentile>20.97412</FiftyathPercentile>
		<SeventyFifthPercentile>23.84707</SeventyFifthPercentile>
		<NinetyFifthPercentile>27.43503</NinetyFifthPercentile>
	</Year>
	<Year YearName="13.5">
		<ThirdPercentile>13.59536</ThirdPercentile>
		<FifthPercentile>14.87961</FifthPercentile>
		<TenthPercentile>16.41274</TenthPercentile>
		<TwentyFifthPercentile>18.46945</TwentyFifthPercentile>
		<FiftyathPercentile>21.02142</FiftyathPercentile>
		<SeventyFifthPercentile>23.89649</SeventyFifthPercentile>
		<NinetyFifthPercentile>27.48141</NinetyFifthPercentile>
	</Year>
	<Year YearName="13.6">
		<ThirdPercentile>13.62133</ThirdPercentile>
		<FifthPercentile>14.91063</FifthPercentile>
		<TenthPercentile>16.44906</TenthPercentile>
		<TwentyFifthPercentile>18.51144</TwentyFifthPercentile>
		<FiftyathPercentile>21.06799</FiftyathPercentile>
		<SeventyFifthPercentile>23.94463</SeventyFifthPercentile>
		<NinetyFifthPercentile>27.52588</NinetyFifthPercentile>
	</Year>
	<Year YearName="13.7">
		<ThirdPercentile>13.64789</ThirdPercentile>
		<FifthPercentile>14.94204</FifthPercentile>
		<TenthPercentile>16.48552</TenthPercentile>
		<TwentyFifthPercentile>18.55324</TwentyFifthPercentile>
		<FiftyathPercentile>21.11389</FiftyathPercentile>
		<SeventyFifthPercentile>23.9916</SeventyFifthPercentile>
		<NinetyFifthPercentile>27.56858</NinetyFifthPercentile>
	</Year>
	<Year YearName="13.8">
		<ThirdPercentile>13.6751</ThirdPercentile>
		<FifthPercentile>14.97393</FifthPercentile>
		<TenthPercentile>16.52221</TenthPercentile>
		<TwentyFifthPercentile>18.59491</TwentyFifthPercentile>
		<FiftyathPercentile>21.15923</FiftyathPercentile>
		<SeventyFifthPercentile>24.0375</SeventyFifthPercentile>
		<NinetyFifthPercentile>27.60966</NinetyFifthPercentile>
	</Year>
	<Year YearName="13.9">
		<ThirdPercentile>13.70305</ThirdPercentile>
		<FifthPercentile>15.00637</FifthPercentile>
		<TenthPercentile>16.55922</TenthPercentile>
		<TwentyFifthPercentile>18.63657</TwentyFifthPercentile>
		<FiftyathPercentile>21.20413</FiftyathPercentile>
		<SeventyFifthPercentile>24.0825</SeventyFifthPercentile>
		<NinetyFifthPercentile>27.64932</NinetyFifthPercentile>
	</Year>
	<Year YearName="13.1">
		<ThirdPercentile>13.73182</ThirdPercentile>
		<FifthPercentile>15.03946</FifthPercentile>
		<TenthPercentile>16.59666</TenthPercentile>
		<TwentyFifthPercentile>18.67835</TwentyFifthPercentile>
		<FiftyathPercentile>21.24876</FiftyathPercentile>
		<SeventyFifthPercentile>24.1268</SeventyFifthPercentile>
		<NinetyFifthPercentile>27.68781</NinetyFifthPercentile>
	</Year>
	<Year YearName="13.11">
		<ThirdPercentile>13.76154</ThirdPercentile>
		<FifthPercentile>15.07334</FifthPercentile>
		<TenthPercentile>16.63468</TenthPercentile>
		<TwentyFifthPercentile>18.72042</TwentyFifthPercentile>
		<FiftyathPercentile>21.2933</FiftyathPercentile>
		<SeventyFifthPercentile>24.17063</SeventyFifthPercentile>
		<NinetyFifthPercentile>27.7254</NinetyFifthPercentile>
	</Year>
	<Year YearName="14">
		<ThirdPercentile>13.79232</ThirdPercentile>
		<FifthPercentile>15.10813</FifthPercentile>
		<TenthPercentile>16.67343</TenthPercentile>
		<TwentyFifthPercentile>18.76296</TwentyFifthPercentile>
		<FiftyathPercentile>21.33799</FiftyathPercentile>
		<SeventyFifthPercentile>24.21424</SeventyFifthPercentile>
		<NinetyFifthPercentile>27.76242</NinetyFifthPercentile>
	</Year>
	<Year YearName="14.1">
		<ThirdPercentile>13.82428</ThirdPercentile>
		<FifthPercentile>15.14397</FifthPercentile>
		<TenthPercentile>16.71306</TenthPercentile>
		<TwentyFifthPercentile>18.80614</TwentyFifthPercentile>
		<FiftyathPercentile>21.38302</FiftyathPercentile>
		<SeventyFifthPercentile>24.25788</SeventyFifthPercentile>
		<NinetyFifthPercentile>27.79916</NinetyFifthPercentile>
	</Year>
	<Year YearName="14.2">
		<ThirdPercentile>13.85736</ThirdPercentile>
		<FifthPercentile>15.1808</FifthPercentile>
		<TenthPercentile>16.75351</TenthPercentile>
		<TwentyFifthPercentile>18.8499</TwentyFifthPercentile>
		<FiftyathPercentile>21.42836</FiftyathPercentile>
		<SeventyFifthPercentile>24.30156</SeventyFifthPercentile>
		<NinetyFifthPercentile>27.83567</NinetyFifthPercentile>
	</Year>
	<Year YearName="14.3">
		<ThirdPercentile>13.89142</ThirdPercentile>
		<FifthPercentile>15.21849</FifthPercentile>
		<TenthPercentile>16.79466</TenthPercentile>
		<TwentyFifthPercentile>18.89415</TwentyFifthPercentile>
		<FiftyathPercentile>21.47391</FiftyathPercentile>
		<SeventyFifthPercentile>24.34519</SeventyFifthPercentile>
		<NinetyFifthPercentile>27.8719</NinetyFifthPercentile>
	</Year>
	<Year YearName="14.4">
		<ThirdPercentile>13.92637</ThirdPercentile>
		<FifthPercentile>15.25693</FifthPercentile>
		<TenthPercentile>16.8364</TenthPercentile>
		<TwentyFifthPercentile>18.93878</TwentyFifthPercentile>
		<FiftyathPercentile>21.51961</FiftyathPercentile>
		<SeventyFifthPercentile>24.38873</SeventyFifthPercentile>
		<NinetyFifthPercentile>27.90784</NinetyFifthPercentile>
	</Year>
	<Year YearName="14.5">
		<ThirdPercentile>13.9621</ThirdPercentile>
		<FifthPercentile>15.29604</FifthPercentile>
		<TenthPercentile>16.87866</TenthPercentile>
		<TwentyFifthPercentile>18.98372</TwentyFifthPercentile>
		<FiftyathPercentile>21.56538</FiftyathPercentile>
		<SeventyFifthPercentile>24.43213</SeventyFifthPercentile>
		<NinetyFifthPercentile>27.9435</NinetyFifthPercentile>
	</Year>
	<Year YearName="14.6">
		<ThirdPercentile>13.99853</ThirdPercentile>
		<FifthPercentile>15.33572</FifthPercentile>
		<TenthPercentile>16.92134</TenthPercentile>
		<TwentyFifthPercentile>19.0289</TwentyFifthPercentile>
		<FiftyathPercentile>21.61119</FiftyathPercentile>
		<SeventyFifthPercentile>24.4754</SeventyFifthPercentile>
		<NinetyFifthPercentile>27.9789</NinetyFifthPercentile>
	</Year>
	<Year YearName="14.7">
		<ThirdPercentile>14.03559</ThirdPercentile>
		<FifthPercentile>15.37591</FifthPercentile>
		<TenthPercentile>16.96441</TenthPercentile>
		<TwentyFifthPercentile>19.07429</TwentyFifthPercentile>
		<FiftyathPercentile>21.65701</FiftyathPercentile>
		<SeventyFifthPercentile>24.51852</SeventyFifthPercentile>
		<NinetyFifthPercentile>28.01409</NinetyFifthPercentile>
	</Year>
	<Year YearName="14.8">
		<ThirdPercentile>14.07324</ThirdPercentile>
		<FifthPercentile>15.41658</FifthPercentile>
		<TenthPercentile>17.00782</TenthPercentile>
		<TwentyFifthPercentile>19.11986</TwentyFifthPercentile>
		<FiftyathPercentile>21.70285</FiftyathPercentile>
		<SeventyFifthPercentile>24.56153</SeventyFifthPercentile>
		<NinetyFifthPercentile>28.04911</NinetyFifthPercentile>
	</Year>
	<Year YearName="14.9">
		<ThirdPercentile>14.11146</ThirdPercentile>
		<FifthPercentile>15.45772</FifthPercentile>
		<TenthPercentile>17.05157</TenthPercentile>
		<TwentyFifthPercentile>19.16562</TwentyFifthPercentile>
		<FiftyathPercentile>21.74873</FiftyathPercentile>
		<SeventyFifthPercentile>24.60448</SeventyFifthPercentile>
		<NinetyFifthPercentile>28.08404</NinetyFifthPercentile>
	</Year>
	<Year YearName="14.1">
		<ThirdPercentile>14.15023</ThirdPercentile>
		<FifthPercentile>15.49932</FifthPercentile>
		<TenthPercentile>17.09568</TenthPercentile>
		<TwentyFifthPercentile>19.21161</TwentyFifthPercentile>
		<FiftyathPercentile>21.7947</FiftyathPercentile>
		<SeventyFifthPercentile>24.64742</SeventyFifthPercentile>
		<NinetyFifthPercentile>28.11897</NinetyFifthPercentile>
	</Year>
	<Year YearName="14.11">
		<ThirdPercentile>14.18954</ThirdPercentile>
		<FifthPercentile>15.54138</FifthPercentile>
		<TenthPercentile>17.14015</TenthPercentile>
		<TwentyFifthPercentile>19.25784</TwentyFifthPercentile>
		<FiftyathPercentile>21.84081</FiftyathPercentile>
		<SeventyFifthPercentile>24.69042</SeventyFifthPercentile>
		<NinetyFifthPercentile>28.15397</NinetyFifthPercentile>
	</Year>
	<Year YearName="15">
		<ThirdPercentile>14.22943</ThirdPercentile>
		<FifthPercentile>15.58393</FifthPercentile>
		<TenthPercentile>17.18503</TenthPercentile>
		<TwentyFifthPercentile>19.30438</TwentyFifthPercentile>
		<FiftyathPercentile>21.88712</FiftyathPercentile>
		<SeventyFifthPercentile>24.73359</SeventyFifthPercentile>
		<NinetyFifthPercentile>28.18917</NinetyFifthPercentile>
	</Year>
	<Year YearName="15.1">
		<ThirdPercentile>14.2699</ThirdPercentile>
		<FifthPercentile>15.627</FifthPercentile>
		<TenthPercentile>17.23036</TenthPercentile>
		<TwentyFifthPercentile>19.35127</TwentyFifthPercentile>
		<FiftyathPercentile>21.93372</FiftyathPercentile>
		<SeventyFifthPercentile>24.777</SeventyFifthPercentile>
		<NinetyFifthPercentile>28.22468</NinetyFifthPercentile>
	</Year>
	<Year YearName="15.2">
		<ThirdPercentile>14.31084</ThirdPercentile>
		<FifthPercentile>15.67049</FifthPercentile>
		<TenthPercentile>17.27603</TenthPercentile>
		<TwentyFifthPercentile>19.39843</TwentyFifthPercentile>
		<FiftyathPercentile>21.98051</FiftyathPercentile>
		<SeventyFifthPercentile>24.82057</SeventyFifthPercentile>
		<NinetyFifthPercentile>28.26039</NinetyFifthPercentile>
	</Year>
	<Year YearName="15.3">
		<ThirdPercentile>14.35217</ThirdPercentile>
		<FifthPercentile>15.71429</FifthPercentile>
		<TenthPercentile>17.32194</TenthPercentile>
		<TwentyFifthPercentile>19.44576</TwentyFifthPercentile>
		<FiftyathPercentile>22.0274</FiftyathPercentile>
		<SeventyFifthPercentile>24.86421</SeventyFifthPercentile>
		<NinetyFifthPercentile>28.29622</NinetyFifthPercentile>
	</Year>
	<Year YearName="15.4">
		<ThirdPercentile>14.39378</ThirdPercentile>
		<FifthPercentile>15.75833</FifthPercentile>
		<TenthPercentile>17.36804</TenthPercentile>
		<TwentyFifthPercentile>19.4932</TwentyFifthPercentile>
		<FiftyathPercentile>22.07434</FiftyathPercentile>
		<SeventyFifthPercentile>24.9079</SeventyFifthPercentile>
		<NinetyFifthPercentile>28.33217</NinetyFifthPercentile>
	</Year>
	<Year YearName="15.5">
		<ThirdPercentile>14.43561</ThirdPercentile>
		<FifthPercentile>15.80254</FifthPercentile>
		<TenthPercentile>17.41425</TenthPercentile>
		<TwentyFifthPercentile>19.5407</TwentyFifthPercentile>
		<FiftyathPercentile>22.12131</FiftyathPercentile>
		<SeventyFifthPercentile>24.95161</SeventyFifthPercentile>
		<NinetyFifthPercentile>28.36823</NinetyFifthPercentile>
	</Year>
	<Year YearName="15.6">
		<ThirdPercentile>14.47761</ThirdPercentile>
		<FifthPercentile>15.84688</FifthPercentile>
		<TenthPercentile>17.46054</TenthPercentile>
		<TwentyFifthPercentile>19.58824</TwentyFifthPercentile>
		<FiftyathPercentile>22.16828</FiftyathPercentile>
		<SeventyFifthPercentile>24.99534</SeventyFifthPercentile>
		<NinetyFifthPercentile>28.40439</NinetyFifthPercentile>
	</Year>
	<Year YearName="15.7">
		<ThirdPercentile>14.51975</ThirdPercentile>
		<FifthPercentile>15.89131</FifthPercentile>
		<TenthPercentile>17.5069</TenthPercentile>
		<TwentyFifthPercentile>19.6358</TwentyFifthPercentile>
		<FiftyathPercentile>22.21525</FiftyathPercentile>
		<SeventyFifthPercentile>25.03908</SeventyFifthPercentile>
		<NinetyFifthPercentile>28.44063</NinetyFifthPercentile>
	</Year>
	<Year YearName="15.8">
		<ThirdPercentile>14.56199</ThirdPercentile>
		<FifthPercentile>15.93583</FifthPercentile>
		<TenthPercentile>17.55331</TenthPercentile>
		<TwentyFifthPercentile>19.68338</TwentyFifthPercentile>
		<FiftyathPercentile>22.26223</FiftyathPercentile>
		<SeventyFifthPercentile>25.08284</SeventyFifthPercentile>
		<NinetyFifthPercentile>28.47698</NinetyFifthPercentile>
	</Year>
	<Year YearName="15.9">
		<ThirdPercentile>14.60433</ThirdPercentile>
		<FifthPercentile>15.98043</FifthPercentile>
		<TenthPercentile>17.59978</TenthPercentile>
		<TwentyFifthPercentile>19.73101</TwentyFifthPercentile>
		<FiftyathPercentile>22.30924</FiftyathPercentile>
		<SeventyFifthPercentile>25.12664</SeventyFifthPercentile>
		<NinetyFifthPercentile>28.51343</NinetyFifthPercentile>
	</Year>
	<Year YearName="15.1">
		<ThirdPercentile>14.64677</ThirdPercentile>
		<FifthPercentile>16.02511</FifthPercentile>
		<TenthPercentile>17.64632</TenthPercentile>
		<TwentyFifthPercentile>19.77869</TwentyFifthPercentile>
		<FiftyathPercentile>22.35629</FiftyathPercentile>
		<SeventyFifthPercentile>25.1705</SeventyFifthPercentile>
		<NinetyFifthPercentile>28.54999</NinetyFifthPercentile>
	</Year>
	<Year YearName="15.11">
		<ThirdPercentile>14.68934</ThirdPercentile>
		<FifthPercentile>16.06993</FifthPercentile>
		<TenthPercentile>17.69299</TenthPercentile>
		<TwentyFifthPercentile>19.82648</TwentyFifthPercentile>
		<FiftyathPercentile>22.40345</FiftyathPercentile>
		<SeventyFifthPercentile>25.21446</SeventyFifthPercentile>
		<NinetyFifthPercentile>28.58666</NinetyFifthPercentile>
	</Year>
	<Year YearName="16">
		<ThirdPercentile>14.7321</ThirdPercentile>
		<FifthPercentile>16.11495</FifthPercentile>
		<TenthPercentile>17.73987</TenthPercentile>
		<TwentyFifthPercentile>19.87449</TwentyFifthPercentile>
		<FiftyathPercentile>22.45081</FiftyathPercentile>
		<SeventyFifthPercentile>25.25861</SeventyFifthPercentile>
		<NinetyFifthPercentile>28.62353</NinetyFifthPercentile>
	</Year>
	<Year YearName="16.1">
		<ThirdPercentile>14.77513</ThirdPercentile>
		<FifthPercentile>16.16024</FifthPercentile>
		<TenthPercentile>17.78704</TenthPercentile>
		<TwentyFifthPercentile>19.9228</TwentyFifthPercentile>
		<FiftyathPercentile>22.49847</FiftyathPercentile>
		<SeventyFifthPercentile>25.30305</SeventyFifthPercentile>
		<NinetyFifthPercentile>28.66067</NinetyFifthPercentile>
	</Year>
	<Year YearName="16.2">
		<ThirdPercentile>14.81836</ThirdPercentile>
		<FifthPercentile>16.20577</FifthPercentile>
		<TenthPercentile>17.83445</TenthPercentile>
		<TwentyFifthPercentile>19.97135</TwentyFifthPercentile>
		<FiftyathPercentile>22.54637</FiftyathPercentile>
		<SeventyFifthPercentile>25.34771</SeventyFifthPercentile>
		<NinetyFifthPercentile>28.69798</NinetyFifthPercentile>
	</Year>
	<Year YearName="16.3">
		<ThirdPercentile>14.86174</ThirdPercentile>
		<FifthPercentile>16.25145</FifthPercentile>
		<TenthPercentile>17.88202</TenthPercentile>
		<TwentyFifthPercentile>20.02006</TwentyFifthPercentile>
		<FiftyathPercentile>22.59441</FiftyathPercentile>
		<SeventyFifthPercentile>25.39245</SeventyFifthPercentile>
		<NinetyFifthPercentile>28.73532</NinetyFifthPercentile>
	</Year>
	<Year YearName="16.4">
		<ThirdPercentile>14.90521</ThirdPercentile>
		<FifthPercentile>16.29723</FifthPercentile>
		<TenthPercentile>17.9297</TenthPercentile>
		<TwentyFifthPercentile>20.06886</TwentyFifthPercentile>
		<FiftyathPercentile>22.64247</FiftyathPercentile>
		<SeventyFifthPercentile>25.43715</SeventyFifthPercentile>
		<NinetyFifthPercentile>28.7725</NinetyFifthPercentile>
	</Year>
	<Year YearName="16.5">
		<ThirdPercentile>14.94872</ThirdPercentile>
		<FifthPercentile>16.34305</FifthPercentile>
		<TenthPercentile>17.97739</TenthPercentile>
		<TwentyFifthPercentile>20.11761</TwentyFifthPercentile>
		<FiftyathPercentile>22.69041</FiftyathPercentile>
		<SeventyFifthPercentile>25.4816</SeventyFifthPercentile>
		<NinetyFifthPercentile>28.80925</NinetyFifthPercentile>
	</Year>
	<Year YearName="16.6">
		<ThirdPercentile>14.99223</ThirdPercentile>
		<FifthPercentile>16.38885</FifthPercentile>
		<TenthPercentile>18.02502</TenthPercentile>
		<TwentyFifthPercentile>20.16624</TwentyFifthPercentile>
		<FiftyathPercentile>22.7381</FiftyathPercentile>
		<SeventyFifthPercentile>25.52564</SeventyFifthPercentile>
		<NinetyFifthPercentile>28.84537</NinetyFifthPercentile>
	</Year>
	<Year YearName="16.7">
		<ThirdPercentile>15.03572</ThirdPercentile>
		<FifthPercentile>16.43461</FifthPercentile>
		<TenthPercentile>18.07257</TenthPercentile>
		<TwentyFifthPercentile>20.21469</TwentyFifthPercentile>
		<FiftyathPercentile>22.78547</FiftyathPercentile>
		<SeventyFifthPercentile>25.56918</SeventyFifthPercentile>
		<NinetyFifthPercentile>28.88072</NinetyFifthPercentile>
	</Year>
	<Year YearName="16.8">
		<ThirdPercentile>15.07923</ThirdPercentile>
		<FifthPercentile>16.48035</FifthPercentile>
		<TenthPercentile>18.12003</TenthPercentile>
		<TwentyFifthPercentile>20.26295</TwentyFifthPercentile>
		<FiftyathPercentile>22.8325</FiftyathPercentile>
		<SeventyFifthPercentile>25.61215</SeventyFifthPercentile>
		<NinetyFifthPercentile>28.91521</NinetyFifthPercentile>
	</Year>
	<Year YearName="16.9">
		<ThirdPercentile>15.12279</ThirdPercentile>
		<FifthPercentile>16.52609</FifthPercentile>
		<TenthPercentile>18.16743</TenthPercentile>
		<TwentyFifthPercentile>20.31104</TwentyFifthPercentile>
		<FiftyathPercentile>22.87916</FiftyathPercentile>
		<SeventyFifthPercentile>25.65452</SeventyFifthPercentile>
		<NinetyFifthPercentile>28.94878</NinetyFifthPercentile>
	</Year>
	<Year YearName="16.1">
		<ThirdPercentile>15.16644</ThirdPercentile>
		<FifthPercentile>16.57189</FifthPercentile>
		<TenthPercentile>18.21481</TenthPercentile>
		<TwentyFifthPercentile>20.35896</TwentyFifthPercentile>
		<FiftyathPercentile>22.92547</FiftyathPercentile>
		<SeventyFifthPercentile>25.69628</SeventyFifthPercentile>
		<NinetyFifthPercentile>28.9814</NinetyFifthPercentile>
	</Year>
	<Year YearName="16.11">
		<ThirdPercentile>15.21027</ThirdPercentile>
		<FifthPercentile>16.61781</FifthPercentile>
		<TenthPercentile>18.26225</TenthPercentile>
		<TwentyFifthPercentile>20.40681</TwentyFifthPercentile>
		<FiftyathPercentile>22.97149</FiftyathPercentile>
		<SeventyFifthPercentile>25.73748</SeventyFifthPercentile>
		<NinetyFifthPercentile>29.01308</NinetyFifthPercentile>
	</Year>
	<Year YearName="17">
		<ThirdPercentile>15.2544</ThirdPercentile>
		<FifthPercentile>16.66398</FifthPercentile>
		<TenthPercentile>18.30983</TenthPercentile>
		<TwentyFifthPercentile>20.45467</TwentyFifthPercentile>
		<FiftyathPercentile>23.0173</FiftyathPercentile>
		<SeventyFifthPercentile>25.77819</SeventyFifthPercentile>
		<NinetyFifthPercentile>29.04387</NinetyFifthPercentile>
	</Year>
	<Year YearName="17.1">
		<ThirdPercentile>15.29889</ThirdPercentile>
		<FifthPercentile>16.71046</FifthPercentile>
		<TenthPercentile>18.35765</TenthPercentile>
		<TwentyFifthPercentile>20.5026</TwentyFifthPercentile>
		<FiftyathPercentile>23.06295</FiftyathPercentile>
		<SeventyFifthPercentile>25.81843</SeventyFifthPercentile>
		<NinetyFifthPercentile>29.07381</NinetyFifthPercentile>
	</Year>
	<Year YearName="17.2">
		<ThirdPercentile>15.34378</ThirdPercentile>
		<FifthPercentile>16.75729</FifthPercentile>
		<TenthPercentile>18.40572</TenthPercentile>
		<TwentyFifthPercentile>20.55062</TwentyFifthPercentile>
		<FiftyathPercentile>23.10845</FiftyathPercentile>
		<SeventyFifthPercentile>25.85822</SeventyFifthPercentile>
		<NinetyFifthPercentile>29.10284</NinetyFifthPercentile>
	</Year>
	<Year YearName="17.3">
		<ThirdPercentile>15.38912</ThirdPercentile>
		<FifthPercentile>16.80451</FifthPercentile>
		<TenthPercentile>18.45409</TenthPercentile>
		<TwentyFifthPercentile>20.59879</TwentyFifthPercentile>
		<FiftyathPercentile>23.15384</FiftyathPercentile>
		<SeventyFifthPercentile>25.89757</SeventyFifthPercentile>
		<NinetyFifthPercentile>29.13103</NinetyFifthPercentile>
	</Year>
	<Year YearName="17.4">
		<ThirdPercentile>15.43497</ThirdPercentile>
		<FifthPercentile>16.85218</FifthPercentile>
		<TenthPercentile>18.50281</TenthPercentile>
		<TwentyFifthPercentile>20.64714</TwentyFifthPercentile>
		<FiftyathPercentile>23.19918</FiftyathPercentile>
		<SeventyFifthPercentile>25.93655</SeventyFifthPercentile>
		<NinetyFifthPercentile>29.15842</NinetyFifthPercentile>
	</Year>
	<Year YearName="17.5">
		<ThirdPercentile>15.48136</ThirdPercentile>
		<FifthPercentile>16.90034</FifthPercentile>
		<TenthPercentile>18.55194</TenthPercentile>
		<TwentyFifthPercentile>20.69576</TwentyFifthPercentile>
		<FiftyathPercentile>23.24455</FiftyathPercentile>
		<SeventyFifthPercentile>25.97529</SeventyFifthPercentile>
		<NinetyFifthPercentile>29.18519</NinetyFifthPercentile>
	</Year>
	<Year YearName="17.6">
		<ThirdPercentile>15.52834</ThirdPercentile>
		<FifthPercentile>16.94905</FifthPercentile>
		<TenthPercentile>18.60154</TenthPercentile>
		<TwentyFifthPercentile>20.74471</TwentyFifthPercentile>
		<FiftyathPercentile>23.29008</FiftyathPercentile>
		<SeventyFifthPercentile>26.01394</SeventyFifthPercentile>
		<NinetyFifthPercentile>29.21156</NinetyFifthPercentile>
	</Year>
	<Year YearName="17.7">
		<ThirdPercentile>15.57588</ThirdPercentile>
		<FifthPercentile>16.99829</FifthPercentile>
		<TenthPercentile>18.65162</TenthPercentile>
		<TwentyFifthPercentile>20.79404</TwentyFifthPercentile>
		<FiftyathPercentile>23.33581</FiftyathPercentile>
		<SeventyFifthPercentile>26.0526</SeventyFifthPercentile>
		<NinetyFifthPercentile>29.23769</NinetyFifthPercentile>
	</Year>
	<Year YearName="17.8">
		<ThirdPercentile>15.62398</ThirdPercentile>
		<FifthPercentile>17.04806</FifthPercentile>
		<TenthPercentile>18.70217</TenthPercentile>
		<TwentyFifthPercentile>20.84375</TwentyFifthPercentile>
		<FiftyathPercentile>23.3818</FiftyathPercentile>
		<SeventyFifthPercentile>26.09135</SeventyFifthPercentile>
		<NinetyFifthPercentile>29.26371</NinetyFifthPercentile>
	</Year>
	<Year YearName="17.9">
		<ThirdPercentile>15.6726</ThirdPercentile>
		<FifthPercentile>17.09833</FifthPercentile>
		<TenthPercentile>18.75319</TenthPercentile>
		<TwentyFifthPercentile>20.89384</TwentyFifthPercentile>
		<FiftyathPercentile>23.42806</FiftyathPercentile>
		<SeventyFifthPercentile>26.13024</SeventyFifthPercentile>
		<NinetyFifthPercentile>29.28973</NinetyFifthPercentile>
	</Year>
	<Year YearName="17.1">
		<ThirdPercentile>15.72174</ThirdPercentile>
		<FifthPercentile>17.1491</FifthPercentile>
		<TenthPercentile>18.80466</TenthPercentile>
		<TwentyFifthPercentile>20.94434</TwentyFifthPercentile>
		<FiftyathPercentile>23.47462</FiftyathPercentile>
		<SeventyFifthPercentile>26.16933</SeventyFifthPercentile>
		<NinetyFifthPercentile>29.31583</NinetyFifthPercentile>
	</Year>
	<Year YearName="17.11">
		<ThirdPercentile>15.77141</ThirdPercentile>
		<FifthPercentile>17.20037</FifthPercentile>
		<TenthPercentile>18.85661</TenthPercentile>
		<TwentyFifthPercentile>20.99524</TwentyFifthPercentile>
		<FiftyathPercentile>23.52152</FiftyathPercentile>
		<SeventyFifthPercentile>26.20866</SeventyFifthPercentile>
		<NinetyFifthPercentile>29.34209</NinetyFifthPercentile>
	</Year>
	<Year YearName="18">
		<ThirdPercentile>15.82161</ThirdPercentile>
		<FifthPercentile>17.25217</FifthPercentile>
		<TenthPercentile>18.90904</TenthPercentile>
		<TwentyFifthPercentile>21.04658</TwentyFifthPercentile>
		<FiftyathPercentile>23.56877</FiftyathPercentile>
		<SeventyFifthPercentile>26.24828</SeventyFifthPercentile>
		<NinetyFifthPercentile>29.36855</NinetyFifthPercentile>
	</Year>
</WHOBoyBMI_0_to_18_Years_BMI>